compound_id,protein_id,rank,priority,activity_probability,predicted_active,predicted_binding_affinity
CID_01716,PID_147,1,1 - High,1.0,1,10.988
CID_00305,PID_329,2,1 - High,0.999998,1,10.2725
CID_01952,PID_320,3,1 - High,0.999982,1,9.7998
CID_01512,PID_231,4,1 - High,0.999976,1,9.7423
CID_00895,PID_413,5,1 - High,0.999966,1,9.4648
CID_01455,PID_396,6,1 - High,0.999944,1,9.4396
CID_00035,PID_232,7,1 - High,0.999865,1,9.0982
CID_00218,PID_450,8,1 - High,0.999846,1,9.3192
CID_01686,PID_236,9,1 - High,0.999788,1,9.1171
CID_01982,PID_286,10,1 - High,0.999716,1,9.0115
CID_00544,PID_236,11,1 - High,0.999708,1,8.6821
CID_01259,PID_347,12,1 - High,0.999653,1,9.1316
CID_01003,PID_315,13,1 - High,0.999605,1,8.9435
CID_00304,PID_315,14,1 - High,0.999506,1,9.0404
CID_01241,PID_278,15,1 - High,0.999412,1,8.7401
CID_00724,PID_492,16,1 - High,0.999356,1,9.0402
CID_00175,PID_132,17,1 - High,0.999344,1,8.7851
CID_00089,PID_242,18,1 - High,0.999201,1,8.9696
CID_00094,PID_255,19,1 - High,0.998969,1,8.7752
CID_00026,PID_108,20,1 - High,0.99879,1,8.4807
CID_01397,PID_435,21,1 - High,0.998544,1,8.6334
CID_00720,PID_128,22,1 - High,0.998511,1,8.7232
CID_00455,PID_279,23,1 - High,0.998438,1,8.6702
CID_01215,PID_181,24,1 - High,0.998393,1,8.7318
CID_01588,PID_227,25,1 - High,0.998389,1,8.7678
CID_00493,PID_170,26,1 - High,0.998371,1,8.5737
CID_01409,PID_140,27,1 - High,0.998356,1,8.5739
CID_01752,PID_482,28,1 - High,0.998327,1,8.6808
CID_00702,PID_328,29,1 - High,0.998192,1,8.592
CID_01443,PID_266,30,1 - High,0.998016,1,8.4963
CID_00506,PID_171,31,1 - High,0.997831,1,8.3457
CID_00928,PID_311,32,1 - High,0.997647,1,8.8346
CID_01398,PID_429,33,1 - High,0.997546,1,8.7012
CID_00825,PID_278,34,1 - High,0.997516,1,8.7527
CID_01054,PID_102,35,1 - High,0.997443,1,8.3619
CID_01412,PID_164,36,1 - High,0.99743,1,8.3223
CID_01968,PID_341,37,1 - High,0.99723,1,8.454
CID_01263,PID_475,38,1 - High,0.997193,1,8.5089
CID_01717,PID_223,39,1 - High,0.996851,1,8.8334
CID_00251,PID_170,40,1 - High,0.996813,1,8.5736
CID_01659,PID_414,41,1 - High,0.996555,1,8.5559
CID_00192,PID_394,42,1 - High,0.996176,1,8.4433
CID_01534,PID_431,43,1 - High,0.99616,1,8.3435
CID_00552,PID_463,44,1 - High,0.996073,1,8.5418
CID_01258,PID_129,45,1 - High,0.996056,1,8.3759
CID_01319,PID_151,46,1 - High,0.996001,1,8.2296
CID_01213,PID_304,47,1 - High,0.995984,1,8.9121
CID_00869,PID_421,48,1 - High,0.995976,1,8.7567
CID_01535,PID_237,49,1 - High,0.995857,1,8.313
CID_00421,PID_105,50,1 - High,0.995674,1,8.6022
CID_01486,PID_103,51,1 - High,0.995552,1,8.2173
CID_01373,PID_325,52,1 - High,0.995041,1,8.1893
CID_01380,PID_461,53,1 - High,0.994733,1,8.4065
CID_01127,PID_226,54,1 - High,0.994263,1,8.4522
CID_00120,PID_193,55,1 - High,0.994032,1,8.2357
CID_01066,PID_489,56,1 - High,0.993968,1,8.2293
CID_01920,PID_202,57,1 - High,0.993696,1,8.048
CID_00521,PID_369,58,1 - High,0.993514,1,8.163
CID_01495,PID_442,59,1 - High,0.993344,1,8.3522
CID_01602,PID_244,60,1 - High,0.99333,1,8.0596
CID_01076,PID_230,61,1 - High,0.993231,1,8.2143
CID_00311,PID_453,62,1 - High,0.993031,1,8.5189
CID_01189,PID_457,63,1 - High,0.992906,1,8.2918
CID_01977,PID_405,64,1 - High,0.992864,1,8.445
CID_01531,PID_250,65,1 - High,0.992807,1,8.3395
CID_00411,PID_155,66,1 - High,0.992681,1,8.0895
CID_01460,PID_428,67,1 - High,0.992581,1,8.3407
CID_01592,PID_322,68,1 - High,0.992566,1,8.1602
CID_01571,PID_311,69,1 - High,0.992475,1,8.3327
CID_00574,PID_161,70,1 - High,0.99215,1,8.2187
CID_00537,PID_387,71,1 - High,0.99215,1,8.3391
CID_00477,PID_215,72,1 - High,0.992071,1,8.237
CID_00183,PID_318,73,1 - High,0.991945,1,8.2696
CID_00291,PID_272,74,1 - High,0.991879,1,8.2499
CID_01212,PID_320,75,1 - High,0.991751,1,8.2075
CID_00060,PID_180,76,1 - High,0.991197,1,8.3269
CID_00915,PID_258,77,1 - High,0.990788,1,8.2212
CID_01365,PID_375,78,1 - High,0.990071,1,8.2384
CID_01789,PID_300,79,1 - High,0.990031,1,8.3981
CID_00549,PID_236,80,1 - High,0.989926,1,8.0108
CID_01479,PID_219,81,1 - High,0.989826,1,8.0549
CID_01343,PID_184,82,1 - High,0.989775,1,8.3329
CID_00057,PID_449,83,1 - High,0.989312,1,8.2539
CID_01332,PID_147,84,1 - High,0.988887,1,8.0574
CID_01527,PID_267,85,1 - High,0.988817,1,8.2121
CID_00738,PID_377,86,1 - High,0.987784,1,8.2906
CID_00964,PID_298,87,1 - High,0.987663,1,8.2135
CID_01678,PID_300,88,1 - High,0.987551,1,8.1822
CID_00897,PID_190,89,1 - High,0.987271,1,8.0268
CID_00345,PID_323,90,1 - High,0.986978,1,8.3267
CID_01692,PID_429,91,1 - High,0.98671,1,8.4023
CID_00329,PID_134,92,1 - High,0.986706,1,8.0824
CID_00973,PID_144,93,1 - High,0.986682,1,7.9153
CID_00974,PID_141,94,1 - High,0.98632,1,8.1802
CID_00191,PID_371,95,1 - High,0.986199,1,8.1664
CID_00405,PID_408,96,1 - High,0.986177,1,8.1697
CID_01461,PID_371,97,1 - High,0.98613,1,7.9866
CID_01333,PID_161,98,1 - High,0.985722,1,8.1584
CID_00751,PID_360,99,1 - High,0.98533,1,8.0784
CID_00440,PID_219,100,1 - High,0.985176,1,7.8655
CID_00709,PID_254,101,1 - High,0.984967,1,8.2619
CID_00524,PID_402,102,1 - High,0.984933,1,8.184
CID_01500,PID_160,103,1 - High,0.984546,1,8.0115
CID_00919,PID_193,104,1 - High,0.984463,1,8.0629
CID_00750,PID_258,105,1 - High,0.984073,1,7.8933
CID_01563,PID_287,106,1 - High,0.984061,1,8.1528
CID_01071,PID_472,107,1 - High,0.98352,1,8.2133
CID_00623,PID_418,108,1 - High,0.983331,1,8.237
CID_00151,PID_166,109,1 - High,0.982739,1,8.0252
CID_00470,PID_241,110,1 - High,0.982569,1,7.921
CID_00022,PID_181,111,1 - High,0.982558,1,8.1212
CID_01080,PID_118,112,1 - High,0.982424,1,7.9426
CID_00068,PID_369,113,1 - High,0.982364,1,7.9326
CID_00887,PID_163,114,1 - High,0.982274,1,7.951
CID_00579,PID_288,115,1 - High,0.982232,1,8.2725
CID_01721,PID_374,116,1 - High,0.981821,1,8.1439
CID_01844,PID_443,117,1 - High,0.980815,1,8.0539
CID_01666,PID_187,118,1 - High,0.980327,1,7.975
CID_01582,PID_136,119,1 - High,0.980298,1,7.7758
CID_01544,PID_483,120,1 - High,0.979924,1,8.0205
CID_00528,PID_263,121,1 - High,0.979774,1,7.9041
CID_00649,PID_350,122,1 - High,0.979351,1,7.9784
CID_01233,PID_333,123,1 - High,0.979163,1,8.2688
CID_01836,PID_228,124,1 - High,0.978877,1,7.8814
CID_01102,PID_112,125,1 - High,0.978215,1,8.0618
CID_01961,PID_315,126,1 - High,0.978045,1,7.8854
CID_01227,PID_288,127,1 - High,0.97758,1,7.871
CID_01618,PID_460,128,1 - High,0.977174,1,8.0322
CID_01312,PID_381,129,1 - High,0.976546,1,7.9955
CID_01510,PID_197,130,1 - High,0.976137,1,7.7546
CID_01394,PID_400,131,1 - High,0.975972,1,7.7907
CID_01980,PID_177,132,1 - High,0.975301,1,7.8207
CID_00389,PID_126,133,1 - High,0.974971,1,7.8714
CID_00178,PID_123,134,1 - High,0.974947,1,8.1068
CID_01203,PID_365,135,1 - High,0.974473,1,7.8664
CID_00500,PID_363,136,1 - High,0.974468,1,7.9703
CID_01119,PID_349,137,1 - High,0.973919,1,7.942
CID_01541,PID_174,138,1 - High,0.973838,1,8.1615
CID_01931,PID_407,139,1 - High,0.973443,1,8.0219
CID_00734,PID_358,140,1 - High,0.973433,1,7.9947
CID_01444,PID_376,141,1 - High,0.973027,1,8.0587
CID_00290,PID_320,142,1 - High,0.972641,1,7.8605
CID_01912,PID_288,143,1 - High,0.97246,1,7.9539
CID_00200,PID_174,144,1 - High,0.972231,1,7.9343
CID_01597,PID_341,145,1 - High,0.972214,1,8.1208
CID_01265,PID_347,146,1 - High,0.971625,1,7.8058
CID_01339,PID_151,147,1 - High,0.970668,1,7.7418
CID_01290,PID_356,148,1 - High,0.970563,1,7.8866
CID_01299,PID_483,149,1 - High,0.969718,1,7.9421
CID_00727,PID_333,150,1 - High,0.969522,1,7.917
CID_01890,PID_283,151,1 - High,0.969408,1,7.878
CID_01099,PID_389,152,1 - High,0.968974,1,8.0205
CID_01547,PID_494,153,1 - High,0.968413,1,7.9619
CID_00137,PID_159,154,1 - High,0.968295,1,7.7873
CID_01073,PID_309,155,1 - High,0.967917,1,7.7199
CID_01734,PID_129,156,1 - High,0.967697,1,7.8427
CID_00404,PID_179,157,1 - High,0.967688,1,7.7377
CID_01046,PID_208,158,1 - High,0.967259,1,7.8906
CID_00626,PID_289,159,1 - High,0.96667,1,7.8421
CID_01595,PID_387,160,1 - High,0.965157,1,7.8198
CID_01693,PID_153,161,1 - High,0.964448,1,7.6458
CID_00801,PID_197,162,1 - High,0.963781,1,7.6445
CID_01296,PID_173,163,1 - High,0.963394,1,7.8293
CID_00536,PID_104,164,1 - High,0.96042,1,7.7974
CID_01087,PID_284,165,1 - High,0.958801,1,7.8889
CID_00077,PID_241,166,1 - High,0.958478,1,7.8498
CID_01372,PID_403,167,1 - High,0.958402,1,7.6907
CID_00262,PID_225,168,1 - High,0.956839,1,7.5731
CID_01429,PID_305,169,1 - High,0.956127,1,7.7758
CID_00255,PID_464,170,1 - High,0.955707,1,7.8567
CID_00615,PID_455,171,1 - High,0.955609,1,7.9167
CID_01192,PID_413,172,1 - High,0.955403,1,7.7078
CID_01345,PID_276,173,1 - High,0.955217,1,7.6027
CID_01624,PID_158,174,1 - High,0.955166,1,7.7003
CID_00651,PID_199,175,1 - High,0.954701,1,7.7796
CID_01963,PID_212,176,1 - High,0.953921,1,7.7988
CID_00114,PID_280,177,1 - High,0.953913,1,7.8432
CID_00375,PID_108,178,1 - High,0.952069,1,7.5167
CID_00225,PID_408,179,1 - High,0.951306,1,7.9111
CID_01553,PID_390,180,1 - High,0.95103,1,7.6083
CID_00695,PID_362,181,1 - High,0.950838,1,7.799
CID_01981,PID_254,182,1 - High,0.950672,1,7.6243
CID_01347,PID_464,183,1 - High,0.949085,1,7.8308
CID_01423,PID_115,184,1 - High,0.947781,1,7.7112
CID_01308,PID_164,185,1 - High,0.94692,1,7.7774
CID_00914,PID_355,186,1 - High,0.946786,1,7.8902
CID_00686,PID_222,187,1 - High,0.946262,1,7.792
CID_01757,PID_104,188,1 - High,0.945902,1,7.6334
CID_00828,PID_172,189,1 - High,0.945282,1,7.7989
CID_00289,PID_426,190,1 - High,0.943903,1,7.5167
CID_00815,PID_413,191,1 - High,0.943167,1,7.9478
CID_01969,PID_285,192,1 - High,0.943027,1,7.8199
CID_00070,PID_411,193,1 - High,0.942675,1,8.0167
CID_00297,PID_225,194,1 - High,0.941457,1,7.6185
CID_00235,PID_317,195,1 - High,0.940709,1,7.6957
CID_00892,PID_192,196,1 - High,0.940352,1,7.7128
CID_01936,PID_428,197,1 - High,0.939664,1,7.7539
CID_01707,PID_439,198,1 - High,0.938876,1,7.8364
CID_01191,PID_479,199,1 - High,0.937385,1,7.7735
CID_00365,PID_283,200,1 - High,0.936,1,7.5322
CID_00635,PID_487,201,1 - High,0.935767,1,7.8101
CID_00812,PID_235,202,1 - High,0.933559,1,7.6909
CID_00532,PID_334,203,1 - High,0.932692,1,7.7843
CID_01020,PID_185,204,1 - High,0.932691,1,7.7697
CID_00461,PID_416,205,1 - High,0.932442,1,7.8136
CID_00471,PID_316,206,1 - High,0.930891,1,7.4695
CID_01275,PID_274,207,1 - High,0.927729,1,7.5702
CID_00229,PID_359,208,1 - High,0.92598,1,7.7399
CID_01876,PID_399,209,1 - High,0.925107,1,7.8025
CID_01318,PID_446,210,1 - High,0.924768,1,7.7557
CID_00627,PID_449,211,1 - High,0.924709,1,7.7705
CID_01902,PID_183,212,1 - High,0.924532,1,7.6784
CID_01688,PID_425,213,1 - High,0.924404,1,7.7149
CID_00669,PID_305,214,1 - High,0.923256,1,7.7683
CID_00374,PID_409,215,1 - High,0.923095,1,7.8617
CID_01406,PID_410,216,1 - High,0.922218,1,7.6673
CID_01564,PID_184,217,1 - High,0.921979,1,7.6032
CID_00640,PID_451,218,1 - High,0.921427,1,7.418
CID_01684,PID_369,219,1 - High,0.921344,1,7.6564
CID_01720,PID_492,220,1 - High,0.920189,1,7.7067
CID_01975,PID_433,221,1 - High,0.91996,1,7.7198
CID_00276,PID_291,222,1 - High,0.919837,1,7.7029
CID_00286,PID_208,223,1 - High,0.919526,1,7.5685
CID_01851,PID_261,224,1 - High,0.91925,1,7.7309
CID_00838,PID_320,225,1 - High,0.919112,1,7.6596
CID_01988,PID_319,226,1 - High,0.917737,1,7.4748
CID_00030,PID_424,227,1 - High,0.917562,1,7.7095
CID_00242,PID_108,228,1 - High,0.916595,1,7.5565
CID_01614,PID_308,229,1 - High,0.914789,1,7.6237
CID_00976,PID_482,230,1 - High,0.914509,1,7.5328
CID_01008,PID_274,231,1 - High,0.914468,1,7.6686
CID_00081,PID_448,232,1 - High,0.91369,1,7.7838
CID_01040,PID_207,233,1 - High,0.91085,1,7.693
CID_00981,PID_248,234,1 - High,0.910342,1,7.5524
CID_01487,PID_100,235,1 - High,0.909862,1,7.4932
CID_01283,PID_409,236,1 - High,0.908846,1,7.7053
CID_01285,PID_257,237,1 - High,0.908431,1,7.4575
CID_00764,PID_167,238,1 - High,0.908359,1,7.6367
CID_01044,PID_170,239,1 - High,0.908269,1,7.6244
CID_01431,PID_292,240,1 - High,0.907186,1,7.6544
CID_00545,PID_208,241,1 - High,0.904185,1,7.5109
CID_00731,PID_263,242,1 - High,0.903949,1,7.3468
CID_00408,PID_211,243,1 - High,0.903768,1,7.6057
CID_00231,PID_442,244,1 - High,0.903629,1,7.7816
CID_01698,PID_238,245,1 - High,0.900137,1,7.6853
CID_00334,PID_135,246,1 - High,0.900067,1,7.5475
CID_01019,PID_188,247,1 - High,0.897938,1,7.662
CID_01633,PID_328,248,1 - High,0.896661,1,7.613
CID_00958,PID_186,249,1 - High,0.89622,1,7.6262
CID_00637,PID_482,250,1 - High,0.894391,1,7.7038
CID_01767,PID_278,251,1 - High,0.894066,1,7.5016
CID_01383,PID_496,252,1 - High,0.893231,1,7.594
CID_00525,PID_467,253,1 - High,0.891313,1,7.5476
CID_01011,PID_253,254,1 - High,0.890556,1,7.4399
CID_00282,PID_333,255,1 - High,0.889614,1,7.7025
CID_00034,PID_179,256,1 - High,0.889461,1,7.5997
CID_00837,PID_368,257,1 - High,0.889025,1,7.5368
CID_00955,PID_329,258,1 - High,0.888945,1,7.5608
CID_00808,PID_165,259,1 - High,0.888445,1,7.2271
CID_00818,PID_247,260,1 - High,0.888085,1,7.5414
CID_01252,PID_235,261,1 - High,0.888061,1,7.5413
CID_01492,PID_113,262,1 - High,0.887572,1,7.4871
CID_01891,PID_292,263,1 - High,0.887286,1,7.6243
CID_01133,PID_139,264,1 - High,0.887246,1,7.4557
CID_01875,PID_153,265,1 - High,0.887067,1,7.4954
CID_01425,PID_125,266,1 - High,0.88573,1,7.3376
CID_00861,PID_154,267,1 - High,0.885504,1,7.449
CID_00814,PID_195,268,1 - High,0.885256,1,7.5817
CID_00189,PID_464,269,1 - High,0.88403,1,7.5559
CID_00842,PID_209,270,1 - High,0.883495,1,7.292
CID_00443,PID_491,271,1 - High,0.883323,1,7.6498
CID_01998,PID_125,272,1 - High,0.883268,1,7.4656
CID_00322,PID_448,273,1 - High,0.883116,1,7.571
CID_01828,PID_286,274,1 - High,0.882963,1,7.4689
CID_01358,PID_192,275,1 - High,0.882688,1,7.4618
CID_01805,PID_103,276,1 - High,0.881635,1,7.3367
CID_01639,PID_366,277,1 - High,0.874376,1,7.4709
CID_00714,PID_227,278,1 - High,0.873899,1,7.5668
CID_00594,PID_168,279,1 - High,0.873006,1,7.4846
CID_00836,PID_226,280,1 - High,0.87289,1,7.5453
CID_00762,PID_170,281,1 - High,0.870499,1,7.6316
CID_01243,PID_245,282,1 - High,0.869289,1,7.3546
CID_01478,PID_187,283,1 - High,0.866515,1,7.3652
CID_01091,PID_418,284,1 - High,0.866035,1,7.6106
CID_01542,PID_189,285,1 - High,0.862361,1,7.5776
CID_01765,PID_421,286,1 - High,0.859914,1,7.5351
CID_01434,PID_128,287,1 - High,0.856813,1,7.179
CID_01476,PID_197,288,1 - High,0.856717,1,7.3546
CID_00942,PID_228,289,1 - High,0.854742,1,7.4084
CID_00868,PID_109,290,1 - High,0.850785,1,7.34
CID_01581,PID_374,291,1 - High,0.850113,1,7.6138
CID_01842,PID_216,292,1 - High,0.849441,1,7.3803
CID_01569,PID_405,293,1 - High,0.849302,1,7.4844
CID_00109,PID_382,294,1 - High,0.848575,1,7.5235
CID_01655,PID_108,295,1 - High,0.847418,1,7.5132
CID_01239,PID_339,296,1 - High,0.845084,1,7.4836
CID_00854,PID_493,297,1 - High,0.84377,1,7.5303
CID_00164,PID_322,298,1 - High,0.843271,1,7.5617
CID_01667,PID_103,299,1 - High,0.84307,1,7.4403
CID_01958,PID_448,300,1 - High,0.839586,1,7.4826
CID_00350,PID_411,301,1 - High,0.838361,1,7.5079
CID_00241,PID_232,302,1 - High,0.836822,1,7.3549
CID_01941,PID_323,303,1 - High,0.836762,1,7.3653
CID_01751,PID_227,304,1 - High,0.835661,1,7.42
CID_00426,PID_417,305,1 - High,0.832797,1,7.494
CID_01292,PID_361,306,1 - High,0.831144,1,7.27
CID_00689,PID_315,307,1 - High,0.82853,1,7.4848
CID_00982,PID_329,308,1 - High,0.825767,1,7.4429
CID_01404,PID_181,309,1 - High,0.82566,1,7.2779
CID_01748,PID_169,310,1 - High,0.822177,1,7.4266
CID_00373,PID_446,311,1 - High,0.821521,1,7.47
CID_00321,PID_208,312,1 - High,0.821187,1,7.4785
CID_00940,PID_404,313,1 - High,0.818775,1,7.4581
CID_00559,PID_383,314,1 - High,0.818737,1,7.5396
CID_00369,PID_490,315,1 - High,0.817724,1,7.222
CID_01228,PID_430,316,1 - High,0.817486,1,7.4556
CID_01619,PID_445,317,1 - High,0.817365,1,7.4849
CID_01621,PID_499,318,1 - High,0.816342,1,7.3613
CID_00388,PID_227,319,1 - High,0.815969,1,7.3467
CID_01694,PID_400,320,1 - High,0.815734,1,7.5223
CID_01269,PID_220,321,1 - High,0.812796,1,7.4559
CID_00474,PID_259,322,1 - High,0.808735,1,7.4694
CID_00105,PID_353,323,1 - High,0.808133,1,7.4182
CID_00657,PID_338,324,1 - High,0.806989,1,7.4697
CID_00583,PID_301,325,1 - High,0.804779,1,7.5436
CID_00598,PID_117,326,1 - High,0.803801,1,7.265
CID_00328,PID_214,327,1 - High,0.803507,1,7.2782
CID_01305,PID_112,328,1 - High,0.799667,1,7.2168
CID_01896,PID_286,329,1 - High,0.797824,1,7.4775
CID_01180,PID_340,330,1 - High,0.794714,1,7.3968
CID_00323,PID_207,331,1 - High,0.791293,1,7.4512
CID_00185,PID_240,332,1 - High,0.790504,1,7.327
CID_00863,PID_430,333,1 - High,0.78819,1,7.4882
CID_00832,PID_188,334,1 - High,0.787702,1,7.1854
CID_00705,PID_167,335,1 - High,0.787691,1,7.2385
CID_01572,PID_283,336,1 - High,0.785813,1,7.3807
CID_01506,PID_223,337,1 - High,0.785623,1,7.3193
CID_00206,PID_324,338,1 - High,0.785283,1,7.3715
CID_01075,PID_318,339,1 - High,0.78432,1,7.1483
CID_01140,PID_111,340,1 - High,0.783684,1,7.3157
CID_00298,PID_346,341,1 - High,0.783307,1,7.4087
CID_01976,PID_126,342,1 - High,0.782453,1,7.3294
CID_01329,PID_445,343,1 - High,0.779989,1,7.3867
CID_01956,PID_268,344,1 - High,0.779925,1,7.1786
CID_00639,PID_232,345,1 - High,0.779913,1,7.2537
CID_00495,PID_290,346,1 - High,0.77642,1,7.4139
CID_00096,PID_402,347,1 - High,0.775425,1,7.3732
CID_01159,PID_117,348,1 - High,0.773628,1,7.2823
CID_01422,PID_255,349,1 - High,0.772658,1,7.3222
CID_00950,PID_242,350,1 - High,0.772268,1,7.5212
CID_00194,PID_181,351,1 - High,0.771251,1,7.3301
CID_00929,PID_344,352,1 - High,0.761855,1,7.4444
CID_00501,PID_189,353,1 - High,0.761381,1,7.3626
CID_00342,PID_275,354,1 - High,0.761108,1,7.3298
CID_01097,PID_105,355,1 - High,0.759357,1,7.1348
CID_01396,PID_343,356,1 - High,0.758568,1,7.3494
CID_01207,PID_139,357,1 - High,0.758174,1,7.097
CID_01727,PID_366,358,1 - High,0.755345,1,7.4968
CID_01906,PID_312,359,1 - High,0.753333,1,7.0917
CID_01208,PID_285,360,1 - High,0.753284,1,7.1992
CID_00507,PID_475,361,1 - High,0.752628,1,7.2015
CID_00145,PID_154,362,1 - High,0.750341,1,7.2641
CID_01911,PID_211,363,2 - Medium,0.749114,1,7.2979
CID_01932,PID_145,364,2 - Medium,0.747461,1,7.1496
CID_01037,PID_307,365,2 - Medium,0.747408,1,7.2229
CID_00853,PID_216,366,2 - Medium,0.746644,1,7.1774
CID_01825,PID_237,367,2 - Medium,0.746545,1,7.2024
CID_00256,PID_450,368,2 - Medium,0.746316,1,7.3911
CID_00619,PID_480,369,2 - Medium,0.745365,1,7.3125
CID_00063,PID_134,370,2 - Medium,0.744616,1,7.1252
CID_01552,PID_190,371,2 - Medium,0.743117,1,7.2607
CID_01918,PID_191,372,2 - Medium,0.743085,1,7.2949
CID_01673,PID_343,373,2 - Medium,0.742798,1,7.2547
CID_01276,PID_419,374,2 - Medium,0.742652,1,7.379
CID_01792,PID_385,375,2 - Medium,0.740622,1,7.3358
CID_01049,PID_385,376,2 - Medium,0.740073,1,7.3847
CID_00417,PID_291,377,2 - Medium,0.739614,1,7.3268
CID_00049,PID_126,378,2 - Medium,0.738896,1,7.1172
CID_01125,PID_197,379,2 - Medium,0.735739,1,7.1555
CID_01181,PID_359,380,2 - Medium,0.734532,1,7.3101
CID_00127,PID_135,381,2 - Medium,0.730742,1,7.0098
CID_00325,PID_429,382,2 - Medium,0.73011,1,7.2852
CID_00287,PID_133,383,2 - Medium,0.729336,1,7.1183
CID_00245,PID_441,384,2 - Medium,0.728617,1,7.3346
CID_01279,PID_101,385,2 - Medium,0.72394,1,7.2315
CID_01546,PID_257,386,2 - Medium,0.722948,1,7.2
CID_00515,PID_179,387,2 - Medium,0.721207,1,7.2588
CID_01416,PID_489,388,2 - Medium,0.721063,1,7.3097
CID_01690,PID_447,389,2 - Medium,0.718383,1,7.2245
CID_00348,PID_224,390,2 - Medium,0.718354,1,7.2383
CID_00073,PID_247,391,2 - Medium,0.718193,1,7.0894
CID_00609,PID_485,392,2 - Medium,0.717684,1,7.3229
CID_01607,PID_350,393,2 - Medium,0.717402,1,7.1025
CID_01867,PID_219,394,2 - Medium,0.716442,1,7.294
CID_00050,PID_144,395,2 - Medium,0.716093,1,7.236
CID_00340,PID_125,396,2 - Medium,0.714801,1,7.1551
CID_01324,PID_251,397,2 - Medium,0.713032,1,7.1207
CID_00741,PID_435,398,2 - Medium,0.712983,1,7.2662
CID_01135,PID_411,399,2 - Medium,0.712862,1,7.3109
CID_00676,PID_351,400,2 - Medium,0.712641,1,7.2021
CID_01101,PID_498,401,2 - Medium,0.711808,1,7.2047
CID_00103,PID_392,402,2 - Medium,0.711535,1,7.127
CID_00458,PID_288,403,2 - Medium,0.709191,1,6.4733
CID_00684,PID_254,404,2 - Medium,0.705734,1,7.196
CID_01348,PID_413,405,2 - Medium,0.704473,1,7.241
CID_01899,PID_451,406,2 - Medium,0.702706,1,7.2422
CID_00357,PID_105,407,2 - Medium,0.702403,1,7.1915
CID_01759,PID_407,408,2 - Medium,0.702131,1,7.328
CID_00316,PID_291,409,2 - Medium,0.701487,1,7.2668
CID_01272,PID_406,410,2 - Medium,0.70085,1,7.2534
CID_00737,PID_429,411,2 - Medium,0.699815,1,7.3184
CID_00909,PID_298,412,2 - Medium,0.699493,1,7.3177
CID_00634,PID_442,413,2 - Medium,0.699436,1,7.0165
CID_01862,PID_269,414,2 - Medium,0.699411,1,7.2112
CID_01200,PID_234,415,2 - Medium,0.698595,1,7.2547
CID_01813,PID_190,416,2 - Medium,0.697036,1,7.1318
CID_00614,PID_311,417,2 - Medium,0.696916,1,7.3504
CID_01246,PID_308,418,2 - Medium,0.695821,1,7.3137
CID_01651,PID_160,419,2 - Medium,0.695679,1,7.2372
CID_00934,PID_335,420,2 - Medium,0.692069,1,7.503
CID_00014,PID_240,421,2 - Medium,0.691563,1,7.1689
CID_00930,PID_472,422,2 - Medium,0.689118,1,7.3067
CID_00143,PID_104,423,2 - Medium,0.688192,1,7.187
CID_00990,PID_202,424,2 - Medium,0.687658,1,7.0912
CID_01502,PID_126,425,2 - Medium,0.687422,1,7.1793
CID_00239,PID_336,426,2 - Medium,0.684952,1,7.1161
CID_01709,PID_237,427,2 - Medium,0.680797,1,7.1515
CID_01946,PID_380,428,2 - Medium,0.680753,1,7.2638
CID_00851,PID_498,429,2 - Medium,0.680431,1,7.4092
CID_00465,PID_144,430,2 - Medium,0.677484,1,7.1875
CID_01368,PID_219,431,2 - Medium,0.674718,1,7.1873
CID_01613,PID_266,432,2 - Medium,0.674218,1,7.3985
CID_00730,PID_493,433,2 - Medium,0.67124,1,7.1144
CID_01888,PID_362,434,2 - Medium,0.670918,1,7.2457
CID_01530,PID_492,435,2 - Medium,0.667229,1,7.0593
CID_00335,PID_170,436,2 - Medium,0.666769,1,7.2503
CID_01523,PID_464,437,2 - Medium,0.666045,1,7.1075
CID_01691,PID_400,438,2 - Medium,0.663969,1,7.312
CID_00584,PID_449,439,2 - Medium,0.663765,1,7.2244
CID_00437,PID_462,440,2 - Medium,0.661281,1,7.1421
CID_01683,PID_386,441,2 - Medium,0.657027,1,7.3043
CID_01556,PID_324,442,2 - Medium,0.655851,1,6.6216
CID_01463,PID_467,443,2 - Medium,0.655445,1,6.9893
CID_00215,PID_108,444,2 - Medium,0.655242,1,7.0995
CID_01520,PID_359,445,2 - Medium,0.654651,1,7.2204
CID_01085,PID_367,446,2 - Medium,0.654324,1,7.2953
CID_00434,PID_192,447,2 - Medium,0.654034,1,7.1649
CID_00479,PID_242,448,2 - Medium,0.651513,1,7.175
CID_00482,PID_132,449,2 - Medium,0.650518,1,6.8138
CID_01852,PID_293,450,2 - Medium,0.649097,1,7.0064
CID_00699,PID_145,451,2 - Medium,0.648702,1,7.33
CID_01904,PID_282,452,2 - Medium,0.648701,1,7.0745
CID_00124,PID_194,453,2 - Medium,0.648594,1,7.102
CID_01635,PID_432,454,2 - Medium,0.646765,1,7.2874
CID_01669,PID_213,455,2 - Medium,0.646753,1,7.1381
CID_01829,PID_457,456,2 - Medium,0.644448,1,7.305
CID_00821,PID_127,457,2 - Medium,0.643302,1,7.1321
CID_01430,PID_240,458,2 - Medium,0.643266,1,7.1871
CID_00351,PID_385,459,2 - Medium,0.64325,1,7.2484
CID_01222,PID_424,460,2 - Medium,0.642917,1,7.1434
CID_01248,PID_493,461,2 - Medium,0.639945,1,7.2912
CID_01926,PID_335,462,2 - Medium,0.636451,1,7.0523
CID_00624,PID_354,463,2 - Medium,0.634602,1,7.4631
CID_00071,PID_178,464,2 - Medium,0.633006,1,7.1319
CID_01334,PID_308,465,2 - Medium,0.632523,1,7.0764
CID_00608,PID_394,466,2 - Medium,0.631563,1,7.1571
CID_00099,PID_274,467,2 - Medium,0.630592,1,7.1508
CID_00568,PID_142,468,2 - Medium,0.630342,1,6.9629
CID_00935,PID_276,469,2 - Medium,0.628273,1,7.0929
CID_01118,PID_475,470,2 - Medium,0.626418,1,7.3089
CID_01245,PID_196,471,2 - Medium,0.626092,1,7.097
CID_01035,PID_200,472,2 - Medium,0.621752,1,7.3688
CID_01330,PID_187,473,2 - Medium,0.620851,1,7.1487
CID_01095,PID_333,474,2 - Medium,0.620732,1,7.1477
CID_00601,PID_135,475,2 - Medium,0.620462,1,7.0531
CID_01356,PID_136,476,2 - Medium,0.616551,1,7.122
CID_01933,PID_155,477,2 - Medium,0.616199,1,7.1613
CID_00296,PID_370,478,2 - Medium,0.615667,1,7.3791
CID_01917,PID_393,479,2 - Medium,0.613898,1,7.2635
CID_00441,PID_240,480,2 - Medium,0.612666,1,6.9721
CID_00796,PID_354,481,2 - Medium,0.611006,1,7.1731
CID_01340,PID_206,482,2 - Medium,0.608929,1,7.0845
CID_01827,PID_144,483,2 - Medium,0.608281,1,7.1114
CID_00414,PID_248,484,2 - Medium,0.608083,1,7.0439
CID_00743,PID_484,485,2 - Medium,0.607664,1,7.1845
CID_01278,PID_448,486,2 - Medium,0.607369,1,7.251
CID_01972,PID_421,487,2 - Medium,0.606476,1,7.1434
CID_01201,PID_498,488,2 - Medium,0.605376,1,7.2037
CID_01124,PID_399,489,2 - Medium,0.605084,1,7.2391
CID_00653,PID_250,490,2 - Medium,0.60469,1,6.8822
CID_00170,PID_147,491,2 - Medium,0.602847,1,7.0156
CID_00905,PID_363,492,2 - Medium,0.600833,1,7.1955
CID_00511,PID_229,493,2 - Medium,0.598894,1,7.2144
CID_01107,PID_465,494,2 - Medium,0.597356,1,7.1089
CID_00407,PID_381,495,2 - Medium,0.59684,1,7.1653
CID_00033,PID_217,496,2 - Medium,0.590927,1,6.9732
CID_00036,PID_138,497,2 - Medium,0.587924,1,7.2512
CID_00817,PID_137,498,2 - Medium,0.587456,1,7.0444
CID_00824,PID_212,499,2 - Medium,0.586627,1,7.031
CID_01223,PID_227,500,2 - Medium,0.586387,1,7.1891
CID_01138,PID_305,501,2 - Medium,0.586274,1,7.0226
CID_01393,PID_199,502,2 - Medium,0.583548,1,7.2396
CID_01026,PID_303,503,2 - Medium,0.582164,1,7.1341
CID_00428,PID_185,504,2 - Medium,0.577774,1,6.9849
CID_01187,PID_296,505,2 - Medium,0.576929,1,7.1674
CID_00498,PID_418,506,2 - Medium,0.575205,1,7.1054
CID_00267,PID_162,507,2 - Medium,0.574789,1,6.9947
CID_00249,PID_224,508,2 - Medium,0.572921,1,7.1445
CID_00526,PID_482,509,2 - Medium,0.572612,1,7.021
CID_01591,PID_435,510,2 - Medium,0.569452,1,6.9435
CID_00726,PID_402,511,2 - Medium,0.569404,1,7.0216
CID_01790,PID_309,512,2 - Medium,0.562125,1,6.9303
CID_00759,PID_233,513,2 - Medium,0.56115,1,7.0312
CID_00468,PID_330,514,2 - Medium,0.558708,1,7.1546
CID_01664,PID_114,515,2 - Medium,0.558463,1,7.0006
CID_01648,PID_472,516,2 - Medium,0.558217,1,7.1375
CID_01171,PID_396,517,2 - Medium,0.558193,1,7.134
CID_00163,PID_381,518,2 - Medium,0.556897,1,7.1233
CID_01986,PID_261,519,2 - Medium,0.555865,1,7.1023
CID_00632,PID_183,520,2 - Medium,0.555812,1,7.0916
CID_01846,PID_173,521,2 - Medium,0.553414,1,7.0977
CID_01676,PID_223,522,2 - Medium,0.552811,1,7.1059
CID_01273,PID_411,523,2 - Medium,0.551638,1,7.1362
CID_00457,PID_192,524,2 - Medium,0.549453,1,6.9704
CID_00610,PID_477,525,2 - Medium,0.548742,1,7.1534
CID_00701,PID_353,526,2 - Medium,0.546837,1,7.1758
CID_01823,PID_292,527,2 - Medium,0.546495,1,7.0528
CID_01467,PID_474,528,2 - Medium,0.544509,1,7.147
CID_00655,PID_260,529,2 - Medium,0.543994,1,7.1306
CID_01837,PID_349,530,2 - Medium,0.539759,1,7.2778
CID_01108,PID_310,531,2 - Medium,0.5391,1,7.2476
CID_00700,PID_425,532,2 - Medium,0.538368,1,7.0736
CID_00423,PID_273,533,2 - Medium,0.533085,1,6.9646
CID_00749,PID_470,534,2 - Medium,0.531307,1,7.0191
CID_00226,PID_268,535,2 - Medium,0.529556,1,6.9327
CID_00703,PID_408,536,2 - Medium,0.526879,1,6.9197
CID_01978,PID_158,537,2 - Medium,0.524125,1,6.9969
CID_01503,PID_390,538,2 - Medium,0.52309,1,7.0161
CID_00790,PID_159,539,2 - Medium,0.521121,1,7.054
CID_00462,PID_249,540,2 - Medium,0.517297,1,6.9882
CID_00871,PID_189,541,2 - Medium,0.516581,1,6.9872
CID_01034,PID_491,542,2 - Medium,0.513157,1,7.0921
CID_00539,PID_276,543,2 - Medium,0.511578,1,7.0071
CID_00222,PID_421,544,2 - Medium,0.509063,1,7.2948
CID_00092,PID_271,545,2 - Medium,0.507658,1,7.0145
CID_00630,PID_279,546,2 - Medium,0.506008,1,6.9793
CID_00672,PID_170,547,2 - Medium,0.502164,1,6.9315
CID_00132,PID_178,548,2 - Medium,0.500364,1,6.9157
CID_00666,PID_148,549,3 - Low,0.499287,1,6.9476
CID_01105,PID_305,550,3 - Low,0.499184,1,6.9342
CID_01084,PID_150,551,3 - Low,0.498929,1,6.9881
CID_01966,PID_285,552,3 - Low,0.498608,1,7.1194
CID_01869,PID_237,553,3 - Low,0.496062,1,7.0373
CID_00765,PID_267,554,3 - Low,0.492763,1,7.1032
CID_01077,PID_349,555,3 - Low,0.488685,1,7.0323
CID_01999,PID_296,556,3 - Low,0.487981,1,7.013
CID_00162,PID_437,557,3 - Low,0.486682,1,7.0679
CID_01264,PID_243,558,3 - Low,0.486635,1,7.2427
CID_00265,PID_258,559,3 - Low,0.486545,1,6.9676
CID_00300,PID_358,560,3 - Low,0.486432,1,6.8276
CID_01015,PID_378,561,3 - Low,0.486277,1,6.8635
CID_00303,PID_190,562,3 - Low,0.485861,1,6.9232
CID_00158,PID_126,563,3 - Low,0.47732,1,6.7681
CID_00188,PID_264,564,3 - Low,0.475416,1,7.0442
CID_00555,PID_313,565,3 - Low,0.472689,1,7.0083
CID_00100,PID_213,566,3 - Low,0.467678,1,6.8833
CID_01763,PID_483,567,3 - Low,0.466896,1,6.9501
CID_01048,PID_456,568,3 - Low,0.464875,0,7.0187
CID_01306,PID_170,569,3 - Low,0.464094,0,6.9351
CID_01575,PID_125,570,3 - Low,0.463521,0,7.0041
CID_01004,PID_449,571,3 - Low,0.46205,0,7.026
CID_01725,PID_278,572,3 - Low,0.461811,0,7.0293
CID_00445,PID_216,573,3 - Low,0.460375,0,7.014
CID_00748,PID_107,574,3 - Low,0.45994,0,6.8512
CID_01214,PID_213,575,3 - Low,0.458019,0,6.9669
CID_01179,PID_411,576,3 - Low,0.45594,0,6.983
CID_00320,PID_152,577,3 - Low,0.453414,0,6.7463
CID_01938,PID_226,578,3 - Low,0.452507,0,6.8944
CID_00580,PID_317,579,3 - Low,0.45022,0,7.042
CID_00975,PID_276,580,3 - Low,0.450059,0,6.8559
CID_01756,PID_203,581,3 - Low,0.449985,0,6.9672
CID_01253,PID_263,582,3 - Low,0.44622,0,6.8998
CID_00295,PID_367,583,3 - Low,0.444654,0,6.9418
CID_00076,PID_244,584,3 - Low,0.443695,0,7.07
CID_00233,PID_116,585,3 - Low,0.443586,0,6.8102
CID_00723,PID_498,586,3 - Low,0.441682,0,7.2765
CID_00313,PID_228,587,3 - Low,0.441616,0,6.985
CID_00671,PID_148,588,3 - Low,0.440014,0,6.7788
CID_01067,PID_410,589,3 - Low,0.438625,0,6.8149
CID_01078,PID_367,590,3 - Low,0.437079,0,6.9746
CID_00918,PID_394,591,3 - Low,0.433191,0,6.988
CID_00159,PID_388,592,3 - Low,0.430257,0,6.958
CID_00314,PID_375,593,3 - Low,0.428593,0,7.0127
CID_00548,PID_208,594,3 - Low,0.427469,0,6.8945
CID_01806,PID_312,595,3 - Low,0.427364,0,7.1161
CID_01387,PID_189,596,3 - Low,0.426604,0,6.956
CID_01908,PID_232,597,3 - Low,0.425147,0,6.8317
CID_01293,PID_198,598,3 - Low,0.424301,0,6.9243
CID_01670,PID_326,599,3 - Low,0.423514,0,6.8712
CID_00078,PID_125,600,3 - Low,0.422437,0,6.9611
CID_00133,PID_238,601,3 - Low,0.419721,0,6.9226
CID_00816,PID_426,602,3 - Low,0.417063,0,7.0152
CID_01304,PID_130,603,3 - Low,0.41583,0,6.9194
CID_00989,PID_494,604,3 - Low,0.415605,0,6.7239
CID_01415,PID_222,605,3 - Low,0.414822,0,6.8623
CID_00121,PID_492,606,3 - Low,0.4147,0,6.9994
CID_01712,PID_103,607,3 - Low,0.412344,0,6.748
CID_01115,PID_493,608,3 - Low,0.412303,0,7.1099
CID_01472,PID_365,609,3 - Low,0.411799,0,6.9827
CID_00527,PID_483,610,3 - Low,0.409985,0,7.0509
CID_00244,PID_375,611,3 - Low,0.409923,0,6.7686
CID_01627,PID_145,612,3 - Low,0.408809,0,6.9123
CID_01514,PID_466,613,3 - Low,0.408252,0,6.9979
CID_00415,PID_363,614,3 - Low,0.408077,0,6.9527
CID_01178,PID_194,615,3 - Low,0.407732,0,6.8314
CID_01671,PID_413,616,3 - Low,0.406299,0,7.026
CID_01381,PID_225,617,3 - Low,0.403715,0,6.8088
CID_00996,PID_480,618,3 - Low,0.402776,0,7.0439
CID_00844,PID_477,619,3 - Low,0.399076,0,7.0375
CID_00209,PID_449,620,3 - Low,0.398902,0,7.1459
CID_01400,PID_136,621,3 - Low,0.396634,0,6.7359
CID_01315,PID_367,622,3 - Low,0.395952,0,6.8226
CID_00717,PID_108,623,3 - Low,0.393356,0,6.7189
CID_00780,PID_200,624,3 - Low,0.391776,0,6.9224
CID_00995,PID_225,625,3 - Low,0.388885,0,6.8521
CID_00028,PID_364,626,3 - Low,0.388764,0,6.9388
CID_00732,PID_479,627,3 - Low,0.388476,0,6.9596
CID_00308,PID_263,628,3 - Low,0.386349,0,6.8636
CID_01060,PID_286,629,3 - Low,0.385924,0,7.013
CID_00813,PID_225,630,3 - Low,0.385057,0,6.336
CID_00080,PID_259,631,3 - Low,0.383866,0,6.8779
CID_01068,PID_361,632,3 - Low,0.383547,0,7.0079
CID_00211,PID_241,633,3 - Low,0.382031,0,6.8897
CID_00802,PID_376,634,3 - Low,0.381484,0,6.9716
CID_00045,PID_476,635,3 - Low,0.380269,0,6.8391
CID_01632,PID_375,636,3 - Low,0.37722,0,6.8924
CID_00236,PID_491,637,3 - Low,0.376555,0,6.8261
CID_01059,PID_217,638,3 - Low,0.374811,0,6.8184
CID_00142,PID_374,639,3 - Low,0.374595,0,6.8263
CID_00264,PID_286,640,3 - Low,0.373717,0,6.8832
CID_01568,PID_242,641,3 - Low,0.373678,0,6.7844
CID_01047,PID_263,642,3 - Low,0.372776,0,6.736
CID_01089,PID_349,643,3 - Low,0.371768,0,6.835
CID_00125,PID_145,644,3 - Low,0.371439,0,6.966
CID_01518,PID_378,645,3 - Low,0.367704,0,6.7176
CID_00261,PID_424,646,3 - Low,0.367392,0,7.0668
CID_01029,PID_239,647,3 - Low,0.366216,0,6.9786
CID_00971,PID_159,648,3 - Low,0.366137,0,6.7491
CID_01199,PID_256,649,3 - Low,0.364871,0,6.8794
CID_00688,PID_226,650,3 - Low,0.36177,0,6.7443
CID_00372,PID_413,651,3 - Low,0.361759,0,6.9665
CID_01950,PID_391,652,3 - Low,0.360221,0,6.7699
CID_00769,PID_313,653,3 - Low,0.359365,0,6.892
CID_00618,PID_389,654,3 - Low,0.358741,0,7.0673
CID_00889,PID_311,655,3 - Low,0.358374,0,6.8907
CID_01325,PID_213,656,3 - Low,0.358373,0,6.6986
CID_00425,PID_288,657,3 - Low,0.357475,0,6.9135
CID_00631,PID_183,658,3 - Low,0.357006,0,6.8483
CID_00685,PID_106,659,3 - Low,0.355495,0,6.6278
CID_01898,PID_351,660,3 - Low,0.354736,0,6.8531
CID_01995,PID_425,661,3 - Low,0.354563,0,6.8876
CID_00199,PID_377,662,3 - Low,0.354319,0,7.0265
CID_00953,PID_409,663,3 - Low,0.350693,0,6.8953
CID_00597,PID_438,664,3 - Low,0.347851,0,6.841
CID_01901,PID_382,665,3 - Low,0.347795,0,6.8858
CID_00952,PID_297,666,3 - Low,0.346592,0,6.8137
CID_00122,PID_354,667,3 - Low,0.342154,0,6.8677
CID_01689,PID_333,668,3 - Low,0.341795,0,6.8506
CID_01072,PID_186,669,3 - Low,0.338113,0,7.0066
CID_00567,PID_381,670,3 - Low,0.338106,0,6.7583
CID_00410,PID_346,671,3 - Low,0.336914,0,6.8869
CID_01281,PID_131,672,3 - Low,0.336735,0,6.8131
CID_01714,PID_148,673,3 - Low,0.335552,0,6.6261
CID_01929,PID_343,674,3 - Low,0.335429,0,6.9476
CID_00939,PID_208,675,3 - Low,0.335041,0,6.75
CID_01428,PID_447,676,3 - Low,0.333389,0,7.0069
CID_00130,PID_479,677,3 - Low,0.333253,0,6.8611
CID_00612,PID_157,678,3 - Low,0.33311,0,6.8096
CID_01857,PID_373,679,3 - Low,0.330363,0,7.0523
CID_00201,PID_409,680,3 - Low,0.329675,0,6.8247
CID_01300,PID_394,681,3 - Low,0.327022,0,6.8817
CID_01885,PID_138,682,3 - Low,0.325291,0,6.77
CID_00745,PID_495,683,3 - Low,0.324885,0,6.8171
CID_01388,PID_146,684,3 - Low,0.324756,0,6.7781
CID_01580,PID_382,685,3 - Low,0.324431,0,6.6685
CID_01414,PID_164,686,3 - Low,0.324103,0,6.8244
CID_00520,PID_320,687,3 - Low,0.323837,0,6.7722
CID_00712,PID_287,688,3 - Low,0.321171,0,6.8114
CID_01704,PID_304,689,3 - Low,0.320378,0,6.9303
CID_00593,PID_359,690,3 - Low,0.320101,0,6.8518
CID_01973,PID_353,691,3 - Low,0.319094,0,6.9163
CID_00173,PID_393,692,3 - Low,0.31906,0,6.8779
CID_00956,PID_190,693,3 - Low,0.313694,0,6.9606
CID_00129,PID_343,694,3 - Low,0.31197,0,6.8163
CID_00946,PID_107,695,3 - Low,0.31179,0,6.868
CID_00027,PID_102,696,3 - Low,0.311366,0,6.55
CID_01367,PID_440,697,3 - Low,0.310578,0,6.9989
CID_01930,PID_318,698,3 - Low,0.308353,0,6.6491
CID_01545,PID_256,699,3 - Low,0.3054,0,6.8263
CID_01209,PID_346,700,3 - Low,0.305213,0,6.8335
CID_01096,PID_409,701,3 - Low,0.304997,0,6.712
CID_01069,PID_376,702,3 - Low,0.304795,0,6.9034
CID_00009,PID_164,703,3 - Low,0.303706,0,6.7011
CID_00613,PID_472,704,3 - Low,0.300646,0,6.823
CID_00980,PID_147,705,3 - Low,0.300614,0,6.741
CID_01270,PID_114,706,3 - Low,0.300574,0,6.9233
CID_00799,PID_325,707,3 - Low,0.300359,0,6.8709
CID_01150,PID_147,708,3 - Low,0.300269,0,6.7288
CID_01737,PID_268,709,3 - Low,0.299704,0,6.6174
CID_00512,PID_147,710,3 - Low,0.29896,0,6.7571
CID_00087,PID_102,711,3 - Low,0.298327,0,6.671
CID_01738,PID_104,712,3 - Low,0.297383,0,6.6937
CID_01157,PID_392,713,3 - Low,0.296178,0,6.8957
CID_01993,PID_471,714,3 - Low,0.29526,0,6.7905
CID_00516,PID_236,715,3 - Low,0.293628,0,6.7553
CID_01742,PID_433,716,3 - Low,0.29324,0,6.908
CID_01780,PID_188,717,3 - Low,0.292111,0,6.6713
CID_01464,PID_123,718,3 - Low,0.292025,0,6.716
CID_01221,PID_479,719,3 - Low,0.290894,0,6.8272
CID_00770,PID_257,720,3 - Low,0.290462,0,6.7373
CID_01590,PID_495,721,3 - Low,0.289549,0,6.7267
CID_01662,PID_489,722,3 - Low,0.289526,0,6.7688
CID_00933,PID_346,723,3 - Low,0.289331,0,6.6308
CID_00454,PID_312,724,3 - Low,0.289019,0,6.8876
CID_00680,PID_290,725,3 - Low,0.288856,0,6.6245
CID_01326,PID_157,726,3 - Low,0.288426,0,6.4887
CID_01526,PID_461,727,3 - Low,0.286609,0,6.8809
CID_01803,PID_261,728,3 - Low,0.284221,0,6.6994
CID_00742,PID_199,729,3 - Low,0.28241,0,6.6778
CID_01630,PID_404,730,3 - Low,0.277748,0,6.9072
CID_01652,PID_106,731,3 - Low,0.277063,0,6.6478
CID_01382,PID_303,732,3 - Low,0.275191,0,6.7073
CID_00578,PID_400,733,3 - Low,0.275081,0,6.7414
CID_00401,PID_299,734,3 - Low,0.274069,0,6.6108
CID_01131,PID_339,735,3 - Low,0.271938,0,6.7952
CID_00341,PID_275,736,3 - Low,0.271393,0,6.812
CID_00475,PID_465,737,3 - Low,0.271056,0,6.8465
CID_00558,PID_285,738,3 - Low,0.269882,0,6.8487
CID_01598,PID_219,739,3 - Low,0.268222,0,6.7121
CID_01439,PID_131,740,3 - Low,0.26693,0,6.6153
CID_00436,PID_260,741,3 - Low,0.266184,0,6.7221
CID_01768,PID_482,742,3 - Low,0.265356,0,6.922
CID_01210,PID_175,743,3 - Low,0.264641,0,6.6456
CID_01427,PID_153,744,3 - Low,0.264442,0,6.5092
CID_00197,PID_364,745,3 - Low,0.263603,0,6.8649
CID_00778,PID_438,746,3 - Low,0.26308,0,6.8122
CID_00309,PID_244,747,3 - Low,0.262773,0,6.7611
CID_01560,PID_273,748,3 - Low,0.262713,0,6.7633
CID_00683,PID_294,749,3 - Low,0.262182,0,7.0193
CID_00058,PID_453,750,3 - Low,0.261001,0,6.77
CID_00691,PID_341,751,3 - Low,0.260397,0,6.7165
CID_01338,PID_168,752,3 - Low,0.260394,0,6.7044
CID_01747,PID_178,753,3 - Low,0.260381,0,6.6664
CID_01244,PID_395,754,3 - Low,0.260289,0,6.7039
CID_00336,PID_493,755,3 - Low,0.259445,0,6.7629
CID_01039,PID_309,756,3 - Low,0.259211,0,6.7572
CID_01307,PID_150,757,3 - Low,0.259193,0,6.9076
CID_01567,PID_424,758,3 - Low,0.258659,0,6.6939
CID_00111,PID_275,759,3 - Low,0.258324,0,6.7625
CID_00095,PID_368,760,3 - Low,0.256681,0,6.7029
CID_00924,PID_395,761,3 - Low,0.256653,0,6.9687
CID_00420,PID_169,762,3 - Low,0.255985,0,6.774
CID_00900,PID_160,763,3 - Low,0.255647,0,6.756
CID_00021,PID_213,764,3 - Low,0.255267,0,6.7442
CID_00944,PID_382,765,3 - Low,0.255218,0,6.8296
CID_01558,PID_483,766,3 - Low,0.254272,0,6.7404
CID_01594,PID_260,767,3 - Low,0.254224,0,6.3636
CID_01515,PID_420,768,3 - Low,0.253744,0,6.7684
CID_01895,PID_358,769,3 - Low,0.253147,0,6.5982
CID_00306,PID_254,770,3 - Low,0.252866,0,6.7196
CID_00711,PID_111,771,3 - Low,0.251314,0,6.4625
CID_01974,PID_260,772,3 - Low,0.250735,0,6.6923
CID_00128,PID_109,773,4 - Deprioritise,0.24833,0,6.6777
CID_00563,PID_395,774,4 - Deprioritise,0.245764,0,6.9359
CID_01650,PID_378,775,4 - Deprioritise,0.244165,0,6.7545
CID_01224,PID_441,776,4 - Deprioritise,0.242879,0,6.8572
CID_01158,PID_371,777,4 - Deprioritise,0.241291,0,6.7252
CID_01302,PID_224,778,4 - Deprioritise,0.238734,0,6.6956
CID_01884,PID_375,779,4 - Deprioritise,0.236989,0,6.8818
CID_01697,PID_391,780,4 - Deprioritise,0.236779,0,6.7416
CID_01261,PID_146,781,4 - Deprioritise,0.236631,0,6.7307
CID_01687,PID_200,782,4 - Deprioritise,0.235939,0,6.5615
CID_00577,PID_294,783,4 - Deprioritise,0.235546,0,6.6524
CID_01236,PID_358,784,4 - Deprioritise,0.235184,0,6.7937
CID_01604,PID_179,785,4 - Deprioritise,0.232898,0,6.5734
CID_01408,PID_419,786,4 - Deprioritise,0.231902,0,6.712
CID_00285,PID_279,787,4 - Deprioritise,0.231204,0,6.5893
CID_00794,PID_366,788,4 - Deprioritise,0.230298,0,6.933
CID_00969,PID_277,789,4 - Deprioritise,0.229057,0,6.6496
CID_01699,PID_489,790,4 - Deprioritise,0.227463,0,6.7277
CID_00384,PID_381,791,4 - Deprioritise,0.227208,0,6.7129
CID_01557,PID_414,792,4 - Deprioritise,0.22696,0,6.7383
CID_01584,PID_320,793,4 - Deprioritise,0.22447,0,6.7811
CID_01634,PID_474,794,4 - Deprioritise,0.224234,0,6.8168
CID_01057,PID_172,795,4 - Deprioritise,0.224174,0,6.7023
CID_00136,PID_145,796,4 - Deprioritise,0.223728,0,6.5526
CID_01349,PID_461,797,4 - Deprioritise,0.222715,0,6.7484
CID_00359,PID_428,798,4 - Deprioritise,0.222715,0,6.7267
CID_00987,PID_131,799,4 - Deprioritise,0.219281,0,6.7009
CID_00177,PID_196,800,4 - Deprioritise,0.218109,0,6.65
CID_01772,PID_344,801,4 - Deprioritise,0.21729,0,5.6906
CID_01168,PID_159,802,4 - Deprioritise,0.217272,0,6.5643
CID_01536,PID_459,803,4 - Deprioritise,0.216888,0,6.6921
CID_01735,PID_179,804,4 - Deprioritise,0.215531,0,6.5707
CID_00090,PID_236,805,4 - Deprioritise,0.215375,0,6.7214
CID_00399,PID_117,806,4 - Deprioritise,0.214833,0,6.6285
CID_01351,PID_333,807,4 - Deprioritise,0.214581,0,6.5489
CID_01934,PID_384,808,4 - Deprioritise,0.213847,0,6.8193
CID_01794,PID_443,809,4 - Deprioritise,0.213642,0,6.7892
CID_00430,PID_211,810,4 - Deprioritise,0.213557,0,6.617
CID_01316,PID_345,811,4 - Deprioritise,0.210251,0,6.684
CID_01647,PID_452,812,4 - Deprioritise,0.209292,0,6.7211
CID_00991,PID_285,813,4 - Deprioritise,0.208436,0,6.4963
CID_01177,PID_231,814,4 - Deprioritise,0.207709,0,6.6701
CID_01623,PID_162,815,4 - Deprioritise,0.207456,0,6.6793
CID_01640,PID_154,816,4 - Deprioritise,0.207197,0,6.5586
CID_01446,PID_384,817,4 - Deprioritise,0.207162,0,6.6822
CID_00681,PID_457,818,4 - Deprioritise,0.20622,0,6.6527
CID_01962,PID_274,819,4 - Deprioritise,0.204613,0,6.6131
CID_01287,PID_374,820,4 - Deprioritise,0.203954,0,6.6949
CID_01700,PID_337,821,4 - Deprioritise,0.202847,0,6.6598
CID_00278,PID_259,822,4 - Deprioritise,0.202399,0,6.8204
CID_01947,PID_311,823,4 - Deprioritise,0.201471,0,6.6484
CID_00620,PID_457,824,4 - Deprioritise,0.201392,0,6.6345
CID_01741,PID_251,825,4 - Deprioritise,0.201242,0,6.6879
CID_01277,PID_216,826,4 - Deprioritise,0.201086,0,6.695
CID_01193,PID_290,827,4 - Deprioritise,0.201067,0,6.679
CID_01566,PID_219,828,4 - Deprioritise,0.198322,0,6.6714
CID_01103,PID_300,829,4 - Deprioritise,0.19678,0,6.5833
CID_01508,PID_460,830,4 - Deprioritise,0.196069,0,6.867
CID_00883,PID_250,831,4 - Deprioritise,0.195536,0,6.6162
CID_01196,PID_365,832,4 - Deprioritise,0.194735,0,6.7238
CID_01730,PID_309,833,4 - Deprioritise,0.193485,0,6.6758
CID_01490,PID_110,834,4 - Deprioritise,0.193145,0,6.5169
CID_00760,PID_148,835,4 - Deprioritise,0.192089,0,6.5904
CID_00572,PID_470,836,4 - Deprioritise,0.19191,0,6.6995
CID_00696,PID_421,837,4 - Deprioritise,0.191273,0,6.5025
CID_00444,PID_339,838,4 - Deprioritise,0.190524,0,6.6057
CID_00196,PID_446,839,4 - Deprioritise,0.188946,0,6.6844
CID_00913,PID_347,840,4 - Deprioritise,0.188485,0,6.8717
CID_00570,PID_426,841,4 - Deprioritise,0.186805,0,6.7197
CID_00605,PID_257,842,4 - Deprioritise,0.186375,0,6.6664
CID_01188,PID_182,843,4 - Deprioritise,0.186119,0,6.3539
CID_00658,PID_134,844,4 - Deprioritise,0.18573,0,6.6189
CID_00707,PID_392,845,4 - Deprioritise,0.184954,0,6.6968
CID_00352,PID_337,846,4 - Deprioritise,0.184425,0,6.6584
CID_00499,PID_160,847,4 - Deprioritise,0.184192,0,6.3835
CID_01309,PID_144,848,4 - Deprioritise,0.182812,0,6.5465
CID_01540,PID_366,849,4 - Deprioritise,0.182536,0,6.6756
CID_00966,PID_496,850,4 - Deprioritise,0.182485,0,6.6751
CID_00839,PID_323,851,4 - Deprioritise,0.181813,0,6.5539
CID_01705,PID_206,852,4 - Deprioritise,0.181614,0,6.7737
CID_01496,PID_348,853,4 - Deprioritise,0.181518,0,6.6927
CID_01818,PID_371,854,4 - Deprioritise,0.180308,0,6.6839
CID_00179,PID_125,855,4 - Deprioritise,0.180029,0,6.6219
CID_00187,PID_378,856,4 - Deprioritise,0.179852,0,6.6857
CID_00530,PID_458,857,4 - Deprioritise,0.179523,0,6.4579
CID_00485,PID_291,858,4 - Deprioritise,0.178941,0,6.5619
CID_00382,PID_477,859,4 - Deprioritise,0.177504,0,6.4879
CID_01065,PID_397,860,4 - Deprioritise,0.176661,0,6.6729
CID_00279,PID_453,861,4 - Deprioritise,0.17653,0,6.6616
CID_00646,PID_308,862,4 - Deprioritise,0.176504,0,6.4308
CID_01456,PID_467,863,4 - Deprioritise,0.176353,0,6.6835
CID_00553,PID_237,864,4 - Deprioritise,0.175227,0,6.661
CID_00464,PID_412,865,4 - Deprioritise,0.174739,0,6.6716
CID_00134,PID_131,866,4 - Deprioritise,0.173583,0,6.4857
CID_01809,PID_445,867,4 - Deprioritise,0.17346,0,6.8692
CID_01032,PID_235,868,4 - Deprioritise,0.172213,0,6.8037
CID_00668,PID_432,869,4 - Deprioritise,0.172154,0,6.5443
CID_01609,PID_464,870,4 - Deprioritise,0.172097,0,6.6547
CID_00925,PID_451,871,4 - Deprioritise,0.171454,0,6.5927
CID_01167,PID_317,872,4 - Deprioritise,0.17109,0,6.6397
CID_01260,PID_319,873,4 - Deprioritise,0.170773,0,6.679
CID_00496,PID_203,874,4 - Deprioritise,0.16948,0,6.5567
CID_01471,PID_262,875,4 - Deprioritise,0.169279,0,6.5871
CID_00809,PID_349,876,4 - Deprioritise,0.168617,0,6.5264
CID_00693,PID_413,877,4 - Deprioritise,0.168497,0,6.5587
CID_00772,PID_200,878,4 - Deprioritise,0.168104,0,6.6542
CID_01715,PID_173,879,4 - Deprioritise,0.167851,0,6.5948
CID_00260,PID_402,880,4 - Deprioritise,0.167507,0,6.6589
CID_01494,PID_319,881,4 - Deprioritise,0.167423,0,6.6934
CID_01219,PID_308,882,4 - Deprioritise,0.166742,0,6.6785
CID_01023,PID_204,883,4 - Deprioritise,0.166551,0,6.7374
CID_01868,PID_456,884,4 - Deprioritise,0.166284,0,6.5934
CID_00576,PID_336,885,4 - Deprioritise,0.16625,0,6.5139
CID_00205,PID_232,886,4 - Deprioritise,0.166242,0,6.5018
CID_00119,PID_365,887,4 - Deprioritise,0.164805,0,6.5904
CID_00488,PID_155,888,4 - Deprioritise,0.164705,0,6.5255
CID_00238,PID_395,889,4 - Deprioritise,0.164255,0,6.5784
CID_01879,PID_434,890,4 - Deprioritise,0.163567,0,6.6271
CID_00327,PID_128,891,4 - Deprioritise,0.161879,0,6.5258
CID_01043,PID_469,892,4 - Deprioritise,0.161264,0,6.7373
CID_01701,PID_216,893,4 - Deprioritise,0.161148,0,6.2744
CID_01880,PID_122,894,4 - Deprioritise,0.161139,0,6.4161
CID_00800,PID_467,895,4 - Deprioritise,0.16093,0,6.584
CID_01871,PID_220,896,4 - Deprioritise,0.160887,0,6.6032
CID_00271,PID_414,897,4 - Deprioritise,0.160331,0,6.5097
CID_00284,PID_422,898,4 - Deprioritise,0.159479,0,6.8428
CID_01041,PID_440,899,4 - Deprioritise,0.158771,0,6.7657
CID_00951,PID_376,900,4 - Deprioritise,0.158213,0,6.6234
CID_00171,PID_275,901,4 - Deprioritise,0.158007,0,6.554
CID_00581,PID_298,902,4 - Deprioritise,0.157855,0,6.5945
CID_01965,PID_368,903,4 - Deprioritise,0.157635,0,6.6824
CID_00446,PID_213,904,4 - Deprioritise,0.156929,0,6.5494
CID_01401,PID_242,905,4 - Deprioritise,0.156554,0,6.5563
CID_00941,PID_256,906,4 - Deprioritise,0.154601,0,6.5317
CID_01887,PID_358,907,4 - Deprioritise,0.154598,0,6.6284
CID_00257,PID_124,908,4 - Deprioritise,0.153965,0,6.4588
CID_00648,PID_454,909,4 - Deprioritise,0.153321,0,6.5157
CID_00878,PID_455,910,4 - Deprioritise,0.152837,0,6.6957
CID_00698,PID_386,911,4 - Deprioritise,0.151363,0,6.6197
CID_01654,PID_434,912,4 - Deprioritise,0.151022,0,6.6909
CID_00917,PID_432,913,4 - Deprioritise,0.149995,0,6.6402
CID_00115,PID_310,914,4 - Deprioritise,0.149482,0,6.5955
CID_00172,PID_446,915,4 - Deprioritise,0.148625,0,6.6865
CID_01708,PID_203,916,4 - Deprioritise,0.148503,0,6.5471
CID_01808,PID_241,917,4 - Deprioritise,0.148325,0,6.4247
CID_00459,PID_343,918,4 - Deprioritise,0.146883,0,6.5471
CID_00898,PID_408,919,4 - Deprioritise,0.145718,0,6.6376
CID_00820,PID_178,920,4 - Deprioritise,0.145702,0,6.4365
CID_00775,PID_265,921,4 - Deprioritise,0.145459,0,6.44
CID_00565,PID_471,922,4 - Deprioritise,0.145169,0,6.6008
CID_00223,PID_498,923,4 - Deprioritise,0.144832,0,6.5341
CID_00927,PID_175,924,4 - Deprioritise,0.144312,0,6.5599
CID_01811,PID_189,925,4 - Deprioritise,0.144246,0,6.4362
CID_00708,PID_431,926,4 - Deprioritise,0.143907,0,6.5043
CID_00858,PID_498,927,4 - Deprioritise,0.143719,0,6.3782
CID_00911,PID_457,928,4 - Deprioritise,0.143093,0,6.6686
CID_00460,PID_428,929,4 - Deprioritise,0.141656,0,6.9656
CID_01392,PID_259,930,4 - Deprioritise,0.140436,0,6.6111
CID_01940,PID_324,931,4 - Deprioritise,0.140141,0,6.507
CID_01407,PID_236,932,4 - Deprioritise,0.139651,0,6.5016
CID_01025,PID_472,933,4 - Deprioritise,0.139032,0,6.6544
CID_00116,PID_449,934,4 - Deprioritise,0.138955,0,6.4741
CID_00212,PID_338,935,4 - Deprioritise,0.138761,0,6.5852
CID_00467,PID_314,936,4 - Deprioritise,0.138694,0,6.5508
CID_00641,PID_245,937,4 - Deprioritise,0.138688,0,6.707
CID_00355,PID_316,938,4 - Deprioritise,0.138183,0,6.6607
CID_01570,PID_339,939,4 - Deprioritise,0.137125,0,6.5031
CID_00789,PID_476,940,4 - Deprioritise,0.134708,0,6.5436
CID_01718,PID_250,941,4 - Deprioritise,0.133966,0,6.5088
CID_01646,PID_405,942,4 - Deprioritise,0.133726,0,6.5808
CID_01770,PID_356,943,4 - Deprioritise,0.132451,0,6.4431
CID_01433,PID_306,944,4 - Deprioritise,0.132179,0,6.2027
CID_01062,PID_171,945,4 - Deprioritise,0.131746,0,6.4893
CID_01485,PID_269,946,4 - Deprioritise,0.131745,0,6.4547
CID_01027,PID_275,947,4 - Deprioritise,0.131436,0,6.6218
CID_01775,PID_454,948,4 - Deprioritise,0.130915,0,6.7761
CID_00767,PID_462,949,4 - Deprioritise,0.130699,0,6.7633
CID_00067,PID_227,950,4 - Deprioritise,0.130059,0,6.4438
CID_00916,PID_487,951,4 - Deprioritise,0.12944,0,6.5531
CID_01457,PID_173,952,4 - Deprioritise,0.129233,0,6.6323
CID_01795,PID_302,953,4 - Deprioritise,0.128125,0,6.5499
CID_00038,PID_125,954,4 - Deprioritise,0.127651,0,6.3598
CID_01370,PID_201,955,4 - Deprioritise,0.12682,0,6.5319
CID_00062,PID_291,956,4 - Deprioritise,0.125874,0,6.4706
CID_01144,PID_216,957,4 - Deprioritise,0.125328,0,6.6711
CID_00859,PID_286,958,4 - Deprioritise,0.124489,0,6.5051
CID_00366,PID_179,959,4 - Deprioritise,0.124233,0,6.4728
CID_00075,PID_223,960,4 - Deprioritise,0.123262,0,6.4373
CID_01402,PID_430,961,4 - Deprioritise,0.122408,0,6.6104
CID_01250,PID_333,962,4 - Deprioritise,0.121912,0,6.6322
CID_00492,PID_231,963,4 - Deprioritise,0.121498,0,6.4546
CID_00061,PID_278,964,4 - Deprioritise,0.12133,0,6.559
CID_01436,PID_367,965,4 - Deprioritise,0.121148,0,6.5753
CID_01820,PID_458,966,4 - Deprioritise,0.121037,0,6.551
CID_01897,PID_357,967,4 - Deprioritise,0.120822,0,6.6474
CID_00523,PID_414,968,4 - Deprioritise,0.120573,0,6.5004
CID_01894,PID_207,969,4 - Deprioritise,0.120345,0,6.4311
CID_01411,PID_135,970,4 - Deprioritise,0.120164,0,6.4437
CID_00046,PID_313,971,4 - Deprioritise,0.119961,0,6.6897
CID_00986,PID_262,972,4 - Deprioritise,0.118983,0,6.4819
CID_00590,PID_290,973,4 - Deprioritise,0.118624,0,6.4138
CID_01474,PID_387,974,4 - Deprioritise,0.118394,0,6.3899
CID_00214,PID_116,975,4 - Deprioritise,0.117465,0,6.411
CID_00890,PID_373,976,4 - Deprioritise,0.117263,0,6.4995
CID_00965,PID_342,977,4 - Deprioritise,0.116116,0,6.5204
CID_00338,PID_197,978,4 - Deprioritise,0.116057,0,6.5768
CID_00983,PID_117,979,4 - Deprioritise,0.11596,0,6.3373
CID_00429,PID_156,980,4 - Deprioritise,0.115806,0,6.232
CID_01733,PID_172,981,4 - Deprioritise,0.115541,0,6.448
CID_01831,PID_222,982,4 - Deprioritise,0.115458,0,6.6337
CID_00522,PID_351,983,4 - Deprioritise,0.115159,0,6.353
CID_00370,PID_395,984,4 - Deprioritise,0.115138,0,6.3153
CID_00810,PID_364,985,4 - Deprioritise,0.114985,0,6.5118
CID_01417,PID_482,986,4 - Deprioritise,0.114952,0,6.5893
CID_00363,PID_425,987,4 - Deprioritise,0.114751,0,6.4477
CID_01855,PID_409,988,4 - Deprioritise,0.114421,0,6.5133
CID_01185,PID_343,989,4 - Deprioritise,0.114274,0,6.5541
CID_01612,PID_147,990,4 - Deprioritise,0.114079,0,6.4121
CID_01877,PID_415,991,4 - Deprioritise,0.113923,0,6.5247
CID_00452,PID_322,992,4 - Deprioritise,0.113836,0,6.469
CID_01532,PID_240,993,4 - Deprioritise,0.113355,0,6.4428
CID_01524,PID_310,994,4 - Deprioritise,0.11332,0,6.4794
CID_01254,PID_497,995,4 - Deprioritise,0.112806,0,6.7717
CID_01915,PID_290,996,4 - Deprioritise,0.112695,0,6.4391
CID_00518,PID_101,997,4 - Deprioritise,0.112648,0,6.4814
CID_00502,PID_382,998,4 - Deprioritise,0.111566,0,6.4169
CID_01063,PID_312,999,4 - Deprioritise,0.111404,0,6.3663
CID_01311,PID_152,1000,4 - Deprioritise,0.110994,0,6.364
CID_01615,PID_204,1001,4 - Deprioritise,0.110156,0,6.6254
CID_01835,PID_319,1002,4 - Deprioritise,0.110094,0,6.4888
CID_01129,PID_310,1003,4 - Deprioritise,0.109921,0,6.382
CID_00020,PID_494,1004,4 - Deprioritise,0.109619,0,6.6319
CID_01435,PID_258,1005,4 - Deprioritise,0.108974,0,6.4882
CID_00788,PID_460,1006,4 - Deprioritise,0.108937,0,6.5027
CID_00250,PID_482,1007,4 - Deprioritise,0.107093,0,6.4581
CID_00865,PID_118,1008,4 - Deprioritise,0.106923,0,6.412
CID_01549,PID_164,1009,4 - Deprioritise,0.106271,0,6.4065
CID_00042,PID_489,1010,4 - Deprioritise,0.106025,0,6.5463
CID_01136,PID_254,1011,4 - Deprioritise,0.105937,0,6.4806
CID_00169,PID_241,1012,4 - Deprioritise,0.105854,0,6.3867
CID_01353,PID_329,1013,4 - Deprioritise,0.105757,0,6.5099
CID_00617,PID_314,1014,4 - Deprioritise,0.105679,0,6.4424
CID_01656,PID_312,1015,4 - Deprioritise,0.104657,0,6.5143
CID_01984,PID_478,1016,4 - Deprioritise,0.104465,0,6.4481
CID_00220,PID_221,1017,4 - Deprioritise,0.103793,0,6.5442
CID_00432,PID_428,1018,4 - Deprioritise,0.103738,0,6.304
CID_00725,PID_240,1019,4 - Deprioritise,0.103441,0,6.5463
CID_01403,PID_364,1020,4 - Deprioritise,0.103298,0,6.4526
CID_00292,PID_268,1021,4 - Deprioritise,0.102929,0,6.4427
CID_00908,PID_368,1022,4 - Deprioritise,0.101947,0,6.4122
CID_00704,PID_448,1023,4 - Deprioritise,0.101165,0,6.3393
CID_01832,PID_187,1024,4 - Deprioritise,0.10091,0,6.4082
CID_01674,PID_101,1025,4 - Deprioritise,0.100309,0,6.3974
CID_00064,PID_361,1026,4 - Deprioritise,0.100179,0,6.5089
CID_01376,PID_422,1027,4 - Deprioritise,0.100093,0,6.426
CID_00826,PID_379,1028,4 - Deprioritise,0.100033,0,6.5384
CID_01758,PID_226,1029,4 - Deprioritise,0.098739,0,6.4352
CID_01018,PID_429,1030,4 - Deprioritise,0.098616,0,6.3989
CID_01421,PID_173,1031,4 - Deprioritise,0.098322,0,5.9118
CID_00150,PID_230,1032,4 - Deprioritise,0.097632,0,6.4706
CID_01480,PID_471,1033,4 - Deprioritise,0.097497,0,6.4816
CID_00003,PID_226,1034,4 - Deprioritise,0.097354,0,6.4248
CID_00346,PID_324,1035,4 - Deprioritise,0.096609,0,6.3743
CID_00015,PID_214,1036,4 - Deprioritise,0.096254,0,6.3369
CID_00979,PID_394,1037,4 - Deprioritise,0.095602,0,6.617
CID_01128,PID_184,1038,4 - Deprioritise,0.095447,0,6.43
CID_00259,PID_260,1039,4 - Deprioritise,0.09531,0,6.4039
CID_01637,PID_268,1040,4 - Deprioritise,0.095284,0,6.4445
CID_00273,PID_146,1041,4 - Deprioritise,0.09462,0,6.4072
CID_00001,PID_165,1042,4 - Deprioritise,0.093825,0,6.4174
CID_01764,PID_352,1043,4 - Deprioritise,0.093486,0,6.4736
CID_01959,PID_405,1044,4 - Deprioritise,0.093271,0,6.5495
CID_01916,PID_249,1045,4 - Deprioritise,0.092466,0,6.3407
CID_00213,PID_154,1046,4 - Deprioritise,0.092301,0,6.207
CID_01251,PID_192,1047,4 - Deprioritise,0.0923,0,6.284
CID_00364,PID_139,1048,4 - Deprioritise,0.092076,0,6.164
CID_01658,PID_330,1049,4 - Deprioritise,0.091916,0,6.3785
CID_01378,PID_372,1050,4 - Deprioritise,0.091817,0,6.3752
CID_01116,PID_107,1051,4 - Deprioritise,0.091473,0,6.4267
CID_01589,PID_206,1052,4 - Deprioritise,0.0914,0,6.4317
CID_00307,PID_402,1053,4 - Deprioritise,0.090961,0,6.4305
CID_00487,PID_184,1054,4 - Deprioritise,0.090921,0,6.2262
CID_01682,PID_363,1055,4 - Deprioritise,0.090377,0,6.4383
CID_01458,PID_268,1056,4 - Deprioritise,0.090349,0,6.3868
CID_00777,PID_131,1057,4 - Deprioritise,0.090141,0,6.373
CID_01987,PID_404,1058,4 - Deprioritise,0.090064,0,6.3809
CID_01643,PID_482,1059,4 - Deprioritise,0.089538,0,6.5651
CID_01565,PID_485,1060,4 - Deprioritise,0.089266,0,6.5039
CID_00072,PID_329,1061,4 - Deprioritise,0.089192,0,6.5398
CID_00673,PID_183,1062,4 - Deprioritise,0.089123,0,6.2727
CID_01636,PID_171,1063,4 - Deprioritise,0.088687,0,6.321
CID_00860,PID_260,1064,4 - Deprioritise,0.088594,0,6.4161
CID_00055,PID_194,1065,4 - Deprioritise,0.088578,0,6.2097
CID_01369,PID_234,1066,4 - Deprioritise,0.088247,0,6.3123
CID_00510,PID_406,1067,4 - Deprioritise,0.088092,0,6.437
CID_01610,PID_495,1068,4 - Deprioritise,0.087357,0,6.5766
CID_01517,PID_414,1069,4 - Deprioritise,0.086962,0,6.466
CID_01822,PID_375,1070,4 - Deprioritise,0.086508,0,6.4728
CID_00008,PID_249,1071,4 - Deprioritise,0.086357,0,6.3615
CID_01845,PID_162,1072,4 - Deprioritise,0.086203,0,6.275
CID_00910,PID_434,1073,4 - Deprioritise,0.08607,0,6.4181
CID_00592,PID_209,1074,4 - Deprioritise,0.085578,0,6.4401
CID_00416,PID_324,1075,4 - Deprioritise,0.085573,0,6.4495
CID_01539,PID_188,1076,4 - Deprioritise,0.085063,0,6.1954
CID_00330,PID_402,1077,4 - Deprioritise,0.084839,0,6.4692
CID_01145,PID_207,1078,4 - Deprioritise,0.084731,0,6.2841
CID_01935,PID_317,1079,4 - Deprioritise,0.084553,0,6.1722
CID_00729,PID_477,1080,4 - Deprioritise,0.083865,0,6.3973
CID_00998,PID_459,1081,4 - Deprioritise,0.083771,0,6.7345
CID_01389,PID_214,1082,4 - Deprioritise,0.08376,0,6.3557
CID_00112,PID_427,1083,4 - Deprioritise,0.082967,0,6.4477
CID_00659,PID_414,1084,4 - Deprioritise,0.08288,0,6.3632
CID_01161,PID_323,1085,4 - Deprioritise,0.082334,0,6.7054
CID_01130,PID_142,1086,4 - Deprioritise,0.082251,0,6.3781
CID_01255,PID_128,1087,4 - Deprioritise,0.081178,0,6.2837
CID_00746,PID_112,1088,4 - Deprioritise,0.081047,0,6.3174
CID_00312,PID_289,1089,4 - Deprioritise,0.080798,0,6.4034
CID_01320,PID_316,1090,4 - Deprioritise,0.080599,0,6.4849
CID_00153,PID_280,1091,4 - Deprioritise,0.079029,0,6.3213
CID_00622,PID_398,1092,4 - Deprioritise,0.079011,0,6.3591
CID_00053,PID_132,1093,4 - Deprioritise,0.078707,0,6.2664
CID_00018,PID_158,1094,4 - Deprioritise,0.078626,0,6.2646
CID_01663,PID_493,1095,4 - Deprioritise,0.078599,0,6.4206
CID_01350,PID_448,1096,4 - Deprioritise,0.078519,0,6.4197
CID_00422,PID_121,1097,4 - Deprioritise,0.078419,0,6.2995
CID_00059,PID_208,1098,4 - Deprioritise,0.078146,0,6.3224
CID_00621,PID_235,1099,4 - Deprioritise,0.078067,0,6.4063
CID_01498,PID_414,1100,4 - Deprioritise,0.077895,0,6.4033
CID_01675,PID_459,1101,4 - Deprioritise,0.077558,0,6.4752
CID_00161,PID_417,1102,4 - Deprioritise,0.076747,0,6.7002
CID_01779,PID_132,1103,4 - Deprioritise,0.076162,0,6.3425
CID_00706,PID_145,1104,4 - Deprioritise,0.076018,0,6.2739
CID_00606,PID_347,1105,4 - Deprioritise,0.075477,0,6.1792
CID_01122,PID_134,1106,4 - Deprioritise,0.075098,0,6.1585
CID_01354,PID_348,1107,4 - Deprioritise,0.074943,0,6.3428
CID_01726,PID_327,1108,4 - Deprioritise,0.074912,0,6.3926
CID_01504,PID_121,1109,4 - Deprioritise,0.074399,0,6.3129
CID_01120,PID_166,1110,4 - Deprioritise,0.074391,0,6.2186
CID_01323,PID_465,1111,4 - Deprioritise,0.074065,0,6.562
CID_01660,PID_255,1112,4 - Deprioritise,0.073578,0,6.3152
CID_01874,PID_333,1113,4 - Deprioritise,0.073496,0,6.344
CID_01599,PID_105,1114,4 - Deprioritise,0.073254,0,6.1353
CID_00791,PID_359,1115,4 - Deprioritise,0.073227,0,6.3378
CID_00144,PID_181,1116,4 - Deprioritise,0.073072,0,6.3333
CID_00948,PID_299,1117,4 - Deprioritise,0.073045,0,6.2079
CID_01134,PID_321,1118,4 - Deprioritise,0.072839,0,6.4061
CID_01166,PID_152,1119,4 - Deprioritise,0.072765,0,6.3044
CID_01605,PID_410,1120,4 - Deprioritise,0.072323,0,6.3531
CID_00978,PID_102,1121,4 - Deprioritise,0.071646,0,6.1972
CID_00182,PID_194,1122,4 - Deprioritise,0.07145,0,6.4046
CID_00310,PID_400,1123,4 - Deprioritise,0.071192,0,6.5493
CID_00386,PID_261,1124,4 - Deprioritise,0.069977,0,6.4267
CID_01079,PID_183,1125,4 - Deprioritise,0.069261,0,6.3611
CID_00041,PID_296,1126,4 - Deprioritise,0.069062,0,6.3636
CID_00131,PID_126,1127,4 - Deprioritise,0.068447,0,6.4963
CID_00899,PID_458,1128,4 - Deprioritise,0.068338,0,6.3732
CID_01240,PID_112,1129,4 - Deprioritise,0.06817,0,6.388
CID_00056,PID_383,1130,4 - Deprioritise,0.068141,0,6.307
CID_01499,PID_245,1131,4 - Deprioritise,0.068131,0,6.2114
CID_00513,PID_286,1132,4 - Deprioritise,0.067985,0,6.2456
CID_00840,PID_254,1133,4 - Deprioritise,0.067961,0,6.3176
CID_01420,PID_446,1134,4 - Deprioritise,0.067546,0,6.2393
CID_01384,PID_329,1135,4 - Deprioritise,0.067539,0,6.285
CID_01866,PID_438,1136,4 - Deprioritise,0.067496,0,6.5891
CID_01230,PID_327,1137,4 - Deprioritise,0.067258,0,6.3008
CID_01948,PID_248,1138,4 - Deprioritise,0.066988,0,6.427
CID_00497,PID_346,1139,4 - Deprioritise,0.066951,0,6.3864
CID_01641,PID_329,1140,4 - Deprioritise,0.06693,0,6.221
CID_01337,PID_168,1141,4 - Deprioritise,0.066478,0,6.2512
CID_01603,PID_357,1142,4 - Deprioritise,0.066135,0,6.3235
CID_01288,PID_233,1143,4 - Deprioritise,0.066129,0,6.2693
CID_01573,PID_290,1144,4 - Deprioritise,0.065355,0,6.2128
CID_01913,PID_289,1145,4 - Deprioritise,0.065202,0,6.1946
CID_00921,PID_118,1146,4 - Deprioritise,0.065163,0,6.2501
CID_01021,PID_338,1147,4 - Deprioritise,0.064954,0,6.2986
CID_00074,PID_313,1148,4 - Deprioritise,0.06492,0,6.1293
CID_00739,PID_248,1149,4 - Deprioritise,0.064756,0,6.3656
CID_00662,PID_317,1150,4 - Deprioritise,0.064298,0,6.3812
CID_01760,PID_174,1151,4 - Deprioritise,0.06426,0,6.281
CID_01830,PID_386,1152,4 - Deprioritise,0.064157,0,6.3264
CID_01355,PID_298,1153,4 - Deprioritise,0.064069,0,6.1165
CID_01816,PID_149,1154,4 - Deprioritise,0.063951,0,6.1504
CID_01042,PID_167,1155,4 - Deprioritise,0.063549,0,6.2361
CID_01440,PID_365,1156,4 - Deprioritise,0.063178,0,6.323
CID_01550,PID_105,1157,4 - Deprioritise,0.063108,0,6.2626
CID_01143,PID_111,1158,4 - Deprioritise,0.063004,0,6.3219
CID_01061,PID_355,1159,4 - Deprioritise,0.062779,0,6.1679
CID_00993,PID_449,1160,4 - Deprioritise,0.062113,0,6.3632
CID_00324,PID_288,1161,4 - Deprioritise,0.062007,0,6.2722
CID_00879,PID_239,1162,4 - Deprioritise,0.061913,0,6.2641
CID_00101,PID_360,1163,4 - Deprioritise,0.061801,0,6.2465
CID_00903,PID_397,1164,4 - Deprioritise,0.06166,0,6.3792
CID_01860,PID_385,1165,4 - Deprioritise,0.061272,0,6.3552
CID_00670,PID_204,1166,4 - Deprioritise,0.060553,0,6.2719
CID_00337,PID_401,1167,4 - Deprioritise,0.060424,0,6.3553
CID_00394,PID_117,1168,4 - Deprioritise,0.060375,0,6.3577
CID_01086,PID_191,1169,4 - Deprioritise,0.059957,0,6.2748
CID_00302,PID_403,1170,4 - Deprioritise,0.059913,0,6.3194
CID_01922,PID_339,1171,4 - Deprioritise,0.059814,0,6.1736
CID_01578,PID_341,1172,4 - Deprioritise,0.059653,0,6.2068
CID_01173,PID_444,1173,4 - Deprioritise,0.059627,0,6.1664
CID_00148,PID_279,1174,4 - Deprioritise,0.059381,0,6.2646
CID_00752,PID_227,1175,4 - Deprioritise,0.059381,0,6.2198
CID_00999,PID_125,1176,4 - Deprioritise,0.059086,0,6.3268
CID_01391,PID_168,1177,4 - Deprioritise,0.059014,0,6.0801
CID_00798,PID_448,1178,4 - Deprioritise,0.058803,0,6.3118
CID_00486,PID_246,1179,4 - Deprioritise,0.05873,0,6.2641
CID_00378,PID_148,1180,4 - Deprioritise,0.05871,0,6.3298
CID_00269,PID_325,1181,4 - Deprioritise,0.058647,0,6.3526
CID_00140,PID_164,1182,4 - Deprioritise,0.058553,0,6.3828
CID_00157,PID_163,1183,4 - Deprioritise,0.058163,0,6.2892
CID_00784,PID_364,1184,4 - Deprioritise,0.058012,0,6.2086
CID_00652,PID_374,1185,4 - Deprioritise,0.057695,0,6.3283
CID_01555,PID_216,1186,4 - Deprioritise,0.057672,0,6.2067
CID_01123,PID_480,1187,4 - Deprioritise,0.05714,0,6.3007
CID_00926,PID_303,1188,4 - Deprioritise,0.057028,0,6.4492
CID_01927,PID_331,1189,4 - Deprioritise,0.056881,0,6.2919
CID_01462,PID_225,1190,4 - Deprioritise,0.056511,0,6.2272
CID_01661,PID_463,1191,4 - Deprioritise,0.05633,0,6.3043
CID_01469,PID_426,1192,4 - Deprioritise,0.056268,0,6.3611
CID_01151,PID_446,1193,4 - Deprioritise,0.056163,0,6.1653
CID_01611,PID_150,1194,4 - Deprioritise,0.055889,0,6.1401
CID_01638,PID_481,1195,4 - Deprioritise,0.055813,0,6.4474
CID_00379,PID_257,1196,4 - Deprioritise,0.055632,0,6.3872
CID_00573,PID_434,1197,4 - Deprioritise,0.055604,0,6.359
CID_00418,PID_485,1198,4 - Deprioritise,0.055276,0,6.3582
CID_01889,PID_484,1199,4 - Deprioritise,0.05502,0,6.2885
CID_00735,PID_264,1200,4 - Deprioritise,0.054838,0,6.3503
CID_01695,PID_358,1201,4 - Deprioritise,0.054537,0,6.3428
CID_00912,PID_398,1202,4 - Deprioritise,0.054371,0,6.4873
CID_00333,PID_401,1203,4 - Deprioritise,0.054147,0,6.2772
CID_00582,PID_485,1204,4 - Deprioritise,0.054069,0,6.3214
CID_01146,PID_271,1205,4 - Deprioritise,0.053765,0,6.2199
CID_00894,PID_399,1206,4 - Deprioritise,0.053588,0,6.279
CID_01441,PID_232,1207,4 - Deprioritise,0.053119,0,5.4027
CID_00403,PID_152,1208,4 - Deprioritise,0.052866,0,6.1647
CID_01432,PID_390,1209,4 - Deprioritise,0.052043,0,6.2507
CID_00398,PID_459,1210,4 - Deprioritise,0.050785,0,6.1594
CID_00016,PID_222,1211,4 - Deprioritise,0.05066,0,6.0899
CID_01925,PID_403,1212,4 - Deprioritise,0.050158,0,6.3054
CID_00585,PID_146,1213,4 - Deprioritise,0.050136,0,6.4106
CID_01452,PID_182,1214,4 - Deprioritise,0.050134,0,6.2953
CID_00315,PID_296,1215,4 - Deprioritise,0.049734,0,6.2611
CID_01093,PID_231,1216,4 - Deprioritise,0.049346,0,6.1489
CID_00217,PID_454,1217,4 - Deprioritise,0.049142,0,6.32
CID_01142,PID_122,1218,4 - Deprioritise,0.049039,0,6.2384
CID_01053,PID_128,1219,4 - Deprioritise,0.049031,0,6.1631
CID_01104,PID_392,1220,4 - Deprioritise,0.048827,0,6.2362
CID_00679,PID_313,1221,4 - Deprioritise,0.048729,0,6.2265
CID_01014,PID_398,1222,4 - Deprioritise,0.048726,0,6.2866
CID_00272,PID_338,1223,4 - Deprioritise,0.048708,0,6.2308
CID_01482,PID_140,1224,4 - Deprioritise,0.048685,0,6.1931
CID_00141,PID_284,1225,4 - Deprioritise,0.048638,0,6.2371
CID_01009,PID_213,1226,4 - Deprioritise,0.048607,0,6.2243
CID_00048,PID_142,1227,4 - Deprioritise,0.048551,0,6.3044
CID_00829,PID_160,1228,4 - Deprioritise,0.048433,0,6.1284
CID_01238,PID_208,1229,4 - Deprioritise,0.047798,0,6.1981
CID_00091,PID_148,1230,4 - Deprioritise,0.047526,0,6.1435
CID_01399,PID_479,1231,4 - Deprioritise,0.047396,0,6.2602
CID_00792,PID_486,1232,4 - Deprioritise,0.047314,0,6.3362
CID_00043,PID_481,1233,4 - Deprioritise,0.047054,0,6.2182
CID_01162,PID_226,1234,4 - Deprioritise,0.046994,0,6.1173
CID_01081,PID_122,1235,4 - Deprioritise,0.04697,0,6.2947
CID_01864,PID_256,1236,4 - Deprioritise,0.046962,0,6.1429
CID_01796,PID_343,1237,4 - Deprioritise,0.046938,0,6.1628
CID_00503,PID_144,1238,4 - Deprioritise,0.046694,0,6.0616
CID_00447,PID_460,1239,4 - Deprioritise,0.046536,0,6.2788
CID_00263,PID_384,1240,4 - Deprioritise,0.046477,0,6.0795
CID_00376,PID_406,1241,4 - Deprioritise,0.045967,0,6.1634
CID_01149,PID_321,1242,4 - Deprioritise,0.045555,0,6.0298
CID_01797,PID_224,1243,4 - Deprioritise,0.044852,0,6.1663
CID_00654,PID_424,1244,4 - Deprioritise,0.044573,0,6.3785
CID_01139,PID_412,1245,4 - Deprioritise,0.044389,0,6.2186
CID_01769,PID_213,1246,4 - Deprioritise,0.044192,0,6.1144
CID_01964,PID_268,1247,4 - Deprioritise,0.044179,0,6.1555
CID_01706,PID_492,1248,4 - Deprioritise,0.043905,0,6.258
CID_00110,PID_150,1249,4 - Deprioritise,0.043831,0,6.022
CID_01921,PID_301,1250,4 - Deprioritise,0.043577,0,6.22
CID_01163,PID_431,1251,4 - Deprioritise,0.043301,0,6.1957
CID_00005,PID_201,1252,4 - Deprioritise,0.043099,0,6.1501
CID_01719,PID_199,1253,4 - Deprioritise,0.043075,0,6.0983
CID_01685,PID_128,1254,4 - Deprioritise,0.042466,0,6.1021
CID_01677,PID_424,1255,4 - Deprioritise,0.042381,0,6.2923
CID_01426,PID_277,1256,4 - Deprioritise,0.042184,0,6.1212
CID_00438,PID_107,1257,4 - Deprioritise,0.041953,0,5.9267
CID_01781,PID_182,1258,4 - Deprioritise,0.041466,0,6.147
CID_01753,PID_269,1259,4 - Deprioritise,0.041176,0,6.0352
CID_00771,PID_374,1260,4 - Deprioritise,0.041121,0,6.1688
CID_00902,PID_153,1261,4 - Deprioritise,0.041091,0,6.1572
CID_01881,PID_322,1262,4 - Deprioritise,0.040652,0,6.1718
CID_00168,PID_348,1263,4 - Deprioritise,0.040615,0,6.2039
CID_01202,PID_357,1264,4 - Deprioritise,0.040595,0,6.2304
CID_00936,PID_192,1265,4 - Deprioritise,0.040431,0,6.0589
CID_00682,PID_200,1266,4 - Deprioritise,0.040346,0,6.1824
CID_00855,PID_328,1267,4 - Deprioritise,0.039894,0,6.1587
CID_00561,PID_261,1268,4 - Deprioritise,0.039843,0,6.2463
CID_00047,PID_155,1269,4 - Deprioritise,0.039835,0,6.0966
CID_00347,PID_293,1270,4 - Deprioritise,0.039752,0,5.8952
CID_01121,PID_373,1271,4 - Deprioritise,0.039291,0,6.1492
CID_00633,PID_401,1272,4 - Deprioritise,0.039253,0,6.2802
CID_00893,PID_428,1273,4 - Deprioritise,0.039143,0,6.2857
CID_00822,PID_377,1274,4 - Deprioritise,0.039021,0,6.2859
CID_00848,PID_110,1275,4 - Deprioritise,0.038994,0,6.0589
CID_00692,PID_263,1276,4 - Deprioritise,0.038896,0,6.0946
CID_00025,PID_423,1277,4 - Deprioritise,0.03889,0,6.2791
CID_00937,PID_268,1278,4 - Deprioritise,0.038818,0,6.199
CID_01740,PID_337,1279,4 - Deprioritise,0.038748,0,6.1842
CID_00636,PID_161,1280,4 - Deprioritise,0.038583,0,6.1032
CID_01346,PID_132,1281,4 - Deprioritise,0.038579,0,5.9969
CID_00383,PID_481,1282,4 - Deprioritise,0.038447,0,6.1408
CID_00248,PID_447,1283,4 - Deprioritise,0.038401,0,6.3737
CID_01924,PID_198,1284,4 - Deprioritise,0.038378,0,6.301
CID_01056,PID_110,1285,4 - Deprioritise,0.038156,0,6.1204
CID_00604,PID_284,1286,4 - Deprioritise,0.037969,0,6.2012
CID_00694,PID_110,1287,4 - Deprioritise,0.037815,0,6.1411
CID_00967,PID_359,1288,4 - Deprioritise,0.037593,0,6.1929
CID_01997,PID_265,1289,4 - Deprioritise,0.037306,0,6.1715
CID_01754,PID_139,1290,4 - Deprioritise,0.037235,0,6.0276
CID_01413,PID_132,1291,4 - Deprioritise,0.037211,0,6.1768
CID_01522,PID_333,1292,4 - Deprioritise,0.037166,0,5.997
CID_00678,PID_389,1293,4 - Deprioritise,0.036761,0,6.1899
CID_00451,PID_388,1294,4 - Deprioritise,0.036688,0,6.1442
CID_01919,PID_239,1295,4 - Deprioritise,0.036657,0,6.161
CID_01788,PID_255,1296,4 - Deprioritise,0.03622,0,6.1735
CID_01341,PID_145,1297,4 - Deprioritise,0.036122,0,6.1227
CID_00761,PID_366,1298,4 - Deprioritise,0.035986,0,6.1713
CID_00776,PID_129,1299,4 - Deprioritise,0.035942,0,6.0503
CID_01002,PID_458,1300,4 - Deprioritise,0.035726,0,6.0764
CID_01501,PID_379,1301,4 - Deprioritise,0.035495,0,6.1229
CID_00874,PID_474,1302,4 - Deprioritise,0.035329,0,6.253
CID_00557,PID_366,1303,4 - Deprioritise,0.035314,0,6.2672
CID_00827,PID_325,1304,4 - Deprioritise,0.035297,0,6.2225
CID_00135,PID_247,1305,4 - Deprioritise,0.035206,0,6.1516
CID_00281,PID_190,1306,4 - Deprioritise,0.034746,0,6.0261
CID_01036,PID_340,1307,4 - Deprioritise,0.034435,0,6.1152
CID_01953,PID_182,1308,4 - Deprioritise,0.034414,0,6.1214
CID_01839,PID_463,1309,4 - Deprioritise,0.034382,0,6.364
CID_00992,PID_322,1310,4 - Deprioritise,0.034364,0,6.1863
CID_00994,PID_145,1311,4 - Deprioritise,0.034216,0,5.9665
CID_01052,PID_174,1312,4 - Deprioritise,0.033712,0,6.143
CID_00756,PID_252,1313,4 - Deprioritise,0.033513,0,6.1927
CID_00599,PID_471,1314,4 - Deprioritise,0.03323,0,6.2605
CID_01110,PID_368,1315,4 - Deprioritise,0.033173,0,6.0139
CID_00753,PID_271,1316,4 - Deprioritise,0.032922,0,6.1263
CID_01785,PID_188,1317,4 - Deprioritise,0.032509,0,6.061
CID_01006,PID_489,1318,4 - Deprioritise,0.032424,0,6.2036
CID_01905,PID_418,1319,4 - Deprioritise,0.032091,0,6.201
CID_00400,PID_288,1320,4 - Deprioritise,0.031951,0,5.9066
CID_00531,PID_290,1321,4 - Deprioritise,0.031891,0,5.9635
CID_00356,PID_269,1322,4 - Deprioritise,0.031581,0,6.1574
CID_01784,PID_275,1323,4 - Deprioritise,0.0314,0,6.1153
CID_01861,PID_363,1324,4 - Deprioritise,0.030928,0,6.0821
CID_00480,PID_477,1325,4 - Deprioritise,0.030902,0,6.1137
CID_01314,PID_243,1326,4 - Deprioritise,0.030841,0,6.115
CID_01668,PID_338,1327,4 - Deprioritise,0.03049,0,6.1042
CID_01470,PID_234,1328,4 - Deprioritise,0.030286,0,6.1725
CID_00230,PID_491,1329,4 - Deprioritise,0.030238,0,6.1332
CID_00202,PID_113,1330,4 - Deprioritise,0.030152,0,6.0309
CID_00564,PID_291,1331,4 - Deprioritise,0.030125,0,6.0118
CID_00569,PID_332,1332,4 - Deprioritise,0.029952,0,6.3011
CID_00856,PID_485,1333,4 - Deprioritise,0.029924,0,6.1892
CID_00152,PID_384,1334,4 - Deprioritise,0.029875,0,6.1013
CID_00543,PID_131,1335,4 - Deprioritise,0.029789,0,6.1976
CID_00268,PID_184,1336,4 - Deprioritise,0.029732,0,6.0238
CID_00427,PID_168,1337,4 - Deprioritise,0.029466,0,6.0894
CID_00888,PID_246,1338,4 - Deprioritise,0.029443,0,6.0528
CID_01649,PID_460,1339,4 - Deprioritise,0.029416,0,6.29
CID_01257,PID_316,1340,4 - Deprioritise,0.029386,0,6.0988
CID_00535,PID_456,1341,4 - Deprioritise,0.029341,0,6.2182
CID_01991,PID_477,1342,4 - Deprioritise,0.029257,0,6.2075
CID_01386,PID_126,1343,4 - Deprioritise,0.02915,0,6.0978
CID_01148,PID_141,1344,4 - Deprioritise,0.029091,0,6.1524
CID_00449,PID_409,1345,4 - Deprioritise,0.029053,0,6.0745
CID_01731,PID_244,1346,4 - Deprioritise,0.028792,0,5.925
CID_01352,PID_266,1347,4 - Deprioritise,0.028697,0,6.2482
CID_00870,PID_106,1348,4 - Deprioritise,0.02853,0,6.079
CID_00923,PID_164,1349,4 - Deprioritise,0.028289,0,5.9856
CID_01147,PID_138,1350,4 - Deprioritise,0.028283,0,5.9505
CID_00006,PID_313,1351,4 - Deprioritise,0.028271,0,6.2371
CID_00198,PID_191,1352,4 - Deprioritise,0.028247,0,6.0728
CID_00710,PID_380,1353,4 - Deprioritise,0.028068,0,6.1189
CID_01327,PID_266,1354,4 - Deprioritise,0.028022,0,6.1075
CID_01483,PID_146,1355,4 - Deprioritise,0.027895,0,6.0208
CID_01410,PID_370,1356,4 - Deprioritise,0.027718,0,5.9541
CID_00371,PID_203,1357,4 - Deprioritise,0.027646,0,6.0546
CID_01960,PID_364,1358,4 - Deprioritise,0.027561,0,6.0923
CID_01850,PID_128,1359,4 - Deprioritise,0.027558,0,6.0061
CID_00270,PID_276,1360,4 - Deprioritise,0.027391,0,6.0668
CID_00755,PID_455,1361,4 - Deprioritise,0.027239,0,6.1559
CID_00385,PID_291,1362,4 - Deprioritise,0.027022,0,6.1864
CID_00032,PID_200,1363,4 - Deprioritise,0.026904,0,6.2769
CID_01854,PID_229,1364,4 - Deprioritise,0.026886,0,6.2062
CID_00963,PID_157,1365,4 - Deprioritise,0.02687,0,5.9355
CID_01945,PID_363,1366,4 - Deprioritise,0.026777,0,6.1367
CID_01267,PID_128,1367,4 - Deprioritise,0.026701,0,5.9934
CID_01098,PID_490,1368,4 - Deprioritise,0.02668,0,6.0149
CID_01286,PID_364,1369,4 - Deprioritise,0.026656,0,6.0482
CID_00857,PID_390,1370,4 - Deprioritise,0.026527,0,6.1933
CID_01786,PID_410,1371,4 - Deprioritise,0.026241,0,6.2
CID_00740,PID_324,1372,4 - Deprioritise,0.026209,0,5.9749
CID_00354,PID_317,1373,4 - Deprioritise,0.025971,0,5.998
CID_00240,PID_203,1374,4 - Deprioritise,0.025967,0,5.9994
CID_00037,PID_102,1375,4 - Deprioritise,0.02595,0,5.8882
CID_00208,PID_463,1376,4 - Deprioritise,0.025744,0,6.1172
CID_01696,PID_175,1377,4 - Deprioritise,0.025719,0,5.9846
CID_00393,PID_182,1378,4 - Deprioritise,0.025584,0,6.0811
CID_01601,PID_221,1379,4 - Deprioritise,0.025578,0,5.8565
CID_00957,PID_205,1380,4 - Deprioritise,0.025515,0,6.1146
CID_01773,PID_276,1381,4 - Deprioritise,0.02539,0,6.0857
CID_00766,PID_347,1382,4 - Deprioritise,0.025137,0,6.1145
CID_01297,PID_386,1383,4 - Deprioritise,0.02513,0,6.0395
CID_01153,PID_422,1384,4 - Deprioritise,0.024705,0,6.1168
CID_01900,PID_375,1385,4 - Deprioritise,0.024599,0,6.0642
CID_01750,PID_159,1386,4 - Deprioritise,0.024578,0,5.8094
CID_01771,PID_431,1387,4 - Deprioritise,0.024521,0,6.1204
CID_01235,PID_282,1388,4 - Deprioritise,0.024504,0,6.1565
CID_00596,PID_361,1389,4 - Deprioritise,0.02447,0,6.0836
CID_00835,PID_157,1390,4 - Deprioritise,0.02418,0,6.0504
CID_01117,PID_422,1391,4 - Deprioritise,0.024161,0,6.0674
CID_00554,PID_192,1392,4 - Deprioritise,0.024067,0,6.0244
CID_01450,PID_170,1393,4 - Deprioritise,0.024,0,6.0168
CID_00156,PID_232,1394,4 - Deprioritise,0.023962,0,6.157
CID_01366,PID_163,1395,4 - Deprioritise,0.023821,0,6.023
CID_00086,PID_367,1396,4 - Deprioritise,0.023786,0,6.0728
CID_00602,PID_431,1397,4 - Deprioritise,0.023719,0,6.0372
CID_00052,PID_468,1398,4 - Deprioritise,0.023702,0,6.0056
CID_01793,PID_195,1399,4 - Deprioritise,0.023595,0,5.9379
CID_00481,PID_404,1400,4 - Deprioritise,0.023457,0,5.9138
CID_01183,PID_335,1401,4 - Deprioritise,0.02345,0,6.0168
CID_01537,PID_323,1402,4 - Deprioritise,0.023442,0,5.9837
CID_00757,PID_112,1403,4 - Deprioritise,0.023346,0,5.9829
CID_01198,PID_360,1404,4 - Deprioritise,0.023258,0,6.1264
CID_00864,PID_151,1405,4 - Deprioritise,0.022956,0,5.9452
CID_00069,PID_300,1406,4 - Deprioritise,0.022585,0,6.0079
CID_01847,PID_484,1407,4 - Deprioritise,0.022507,0,6.0847
CID_01863,PID_337,1408,4 - Deprioritise,0.022498,0,6.0037
CID_01679,PID_170,1409,4 - Deprioritise,0.022339,0,6.1413
CID_00294,PID_165,1410,4 - Deprioritise,0.022257,0,5.9935
CID_01453,PID_308,1411,4 - Deprioritise,0.022243,0,6.114
CID_00716,PID_218,1412,4 - Deprioritise,0.022185,0,6.03
CID_00846,PID_417,1413,4 - Deprioritise,0.022121,0,6.2585
CID_00849,PID_442,1414,4 - Deprioritise,0.022011,0,6.1625
CID_01497,PID_172,1415,4 - Deprioritise,0.021995,0,6.0384
CID_01762,PID_444,1416,4 - Deprioritise,0.021979,0,6.0696
CID_00331,PID_259,1417,4 - Deprioritise,0.021976,0,5.994
CID_00866,PID_341,1418,4 - Deprioritise,0.021949,0,6.0522
CID_01644,PID_177,1419,4 - Deprioritise,0.021901,0,5.8446
CID_00088,PID_452,1420,4 - Deprioritise,0.021782,0,6.2926
CID_00785,PID_480,1421,4 - Deprioritise,0.021773,0,6.1867
CID_00629,PID_375,1422,4 - Deprioritise,0.021771,0,5.9807
CID_00833,PID_103,1423,4 - Deprioritise,0.021739,0,5.9282
CID_01160,PID_497,1424,4 - Deprioritise,0.021584,0,5.9449
CID_00490,PID_157,1425,4 - Deprioritise,0.021488,0,6.024
CID_00877,PID_151,1426,4 - Deprioritise,0.021479,0,5.9972
CID_01491,PID_464,1427,4 - Deprioritise,0.021314,0,6.1644
CID_00181,PID_269,1428,4 - Deprioritise,0.021236,0,6.0112
CID_01169,PID_134,1429,4 - Deprioritise,0.02123,0,6.1207
CID_01798,PID_125,1430,4 - Deprioritise,0.0212,0,5.7569
CID_00012,PID_495,1431,4 - Deprioritise,0.021126,0,6.1386
CID_00793,PID_236,1432,4 - Deprioritise,0.021105,0,5.8548
CID_01745,PID_355,1433,4 - Deprioritise,0.021065,0,6.0317
CID_01217,PID_326,1434,4 - Deprioritise,0.020952,0,5.9909
CID_00318,PID_425,1435,4 - Deprioritise,0.020889,0,6.0502
CID_01493,PID_190,1436,4 - Deprioritise,0.020726,0,5.9739
CID_00977,PID_295,1437,4 - Deprioritise,0.020703,0,5.7966
CID_00293,PID_474,1438,4 - Deprioritise,0.020703,0,6.0057
CID_01791,PID_250,1439,4 - Deprioritise,0.020693,0,5.9552
CID_00962,PID_133,1440,4 - Deprioritise,0.020692,0,5.9895
CID_01631,PID_462,1441,4 - Deprioritise,0.0206,0,6.0133
CID_00922,PID_295,1442,4 - Deprioritise,0.020573,0,6.1055
CID_01266,PID_173,1443,4 - Deprioritise,0.020476,0,5.9131
CID_00123,PID_185,1444,4 - Deprioritise,0.020452,0,5.9702
CID_01629,PID_149,1445,4 - Deprioritise,0.020427,0,6.0559
CID_01841,PID_460,1446,4 - Deprioritise,0.020377,0,6.0902
CID_01586,PID_394,1447,4 - Deprioritise,0.020289,0,6.0467
CID_00587,PID_422,1448,4 - Deprioritise,0.020131,0,5.9911
CID_01848,PID_481,1449,4 - Deprioritise,0.020052,0,6.0478
CID_00985,PID_205,1450,4 - Deprioritise,0.020051,0,5.8463
CID_00224,PID_136,1451,4 - Deprioritise,0.020036,0,5.9145
CID_00397,PID_140,1452,4 - Deprioritise,0.019844,0,5.8903
CID_00402,PID_455,1453,4 - Deprioritise,0.019543,0,6.0791
CID_01289,PID_453,1454,4 - Deprioritise,0.019343,0,5.9371
CID_01957,PID_430,1455,4 - Deprioritise,0.019295,0,6.0611
CID_01112,PID_271,1456,4 - Deprioritise,0.019285,0,6.0016
CID_00885,PID_297,1457,4 - Deprioritise,0.019141,0,5.9723
CID_00588,PID_329,1458,4 - Deprioritise,0.019135,0,5.9393
CID_00781,PID_464,1459,4 - Deprioritise,0.019004,0,5.8944
CID_01743,PID_480,1460,4 - Deprioritise,0.018988,0,6.0418
CID_00589,PID_384,1461,4 - Deprioritise,0.018983,0,6.0884
CID_00413,PID_288,1462,4 - Deprioritise,0.018889,0,5.8216
CID_01859,PID_308,1463,4 - Deprioritise,0.018824,0,6.0487
CID_01944,PID_286,1464,4 - Deprioritise,0.018598,0,5.9718
CID_01787,PID_335,1465,4 - Deprioritise,0.018405,0,5.9652
CID_01561,PID_474,1466,4 - Deprioritise,0.018238,0,5.986
CID_00547,PID_407,1467,4 - Deprioritise,0.018203,0,6.0638
CID_00542,PID_419,1468,4 - Deprioritise,0.018191,0,6.0098
CID_00638,PID_237,1469,4 - Deprioritise,0.018138,0,5.8012
CID_00674,PID_273,1470,4 - Deprioritise,0.017976,0,5.8489
CID_00932,PID_129,1471,4 - Deprioritise,0.017936,0,5.7838
CID_01804,PID_199,1472,4 - Deprioritise,0.017878,0,5.7774
CID_01766,PID_234,1473,4 - Deprioritise,0.017808,0,5.9706
CID_01971,PID_457,1474,4 - Deprioritise,0.017761,0,5.8147
CID_00566,PID_237,1475,4 - Deprioritise,0.017744,0,5.794
CID_00450,PID_486,1476,4 - Deprioritise,0.017643,0,6.0272
CID_01442,PID_382,1477,4 - Deprioritise,0.017643,0,6.0907
CID_01190,PID_387,1478,4 - Deprioritise,0.017635,0,6.0885
CID_01821,PID_422,1479,4 - Deprioritise,0.017551,0,5.999
CID_00031,PID_377,1480,4 - Deprioritise,0.017523,0,5.8525
CID_01359,PID_365,1481,4 - Deprioritise,0.017371,0,6.0108
CID_00721,PID_216,1482,4 - Deprioritise,0.017137,0,5.815
CID_00920,PID_282,1483,4 - Deprioritise,0.016803,0,5.9363
CID_00433,PID_252,1484,4 - Deprioritise,0.016736,0,6.0361
CID_00774,PID_417,1485,4 - Deprioritise,0.016722,0,5.92
CID_01681,PID_246,1486,4 - Deprioritise,0.016694,0,5.9598
CID_00931,PID_212,1487,4 - Deprioritise,0.016504,0,6.2012
CID_01170,PID_260,1488,4 - Deprioritise,0.016487,0,5.7986
CID_01074,PID_480,1489,4 - Deprioritise,0.016471,0,6.0087
CID_01184,PID_358,1490,4 - Deprioritise,0.016457,0,6.0494
CID_00097,PID_120,1491,4 - Deprioritise,0.016415,0,5.8504
CID_01466,PID_286,1492,4 - Deprioritise,0.016366,0,5.9733
CID_00165,PID_369,1493,4 - Deprioritise,0.016333,0,5.9005
CID_00234,PID_201,1494,4 - Deprioritise,0.016317,0,5.8337
CID_00147,PID_103,1495,4 - Deprioritise,0.016302,0,5.8035
CID_01344,PID_129,1496,4 - Deprioritise,0.016297,0,5.716
CID_01375,PID_291,1497,4 - Deprioritise,0.016264,0,5.8697
CID_00661,PID_226,1498,4 - Deprioritise,0.016188,0,5.8731
CID_00562,PID_205,1499,4 - Deprioritise,0.016169,0,5.8623
CID_01872,PID_149,1500,4 - Deprioritise,0.01613,0,5.9081
CID_00943,PID_386,1501,4 - Deprioritise,0.016071,0,6.0241
CID_00472,PID_435,1502,4 - Deprioritise,0.015961,0,5.8629
CID_00381,PID_273,1503,4 - Deprioritise,0.015916,0,5.8107
CID_01154,PID_134,1504,4 - Deprioritise,0.015879,0,5.8103
CID_00906,PID_497,1505,4 - Deprioritise,0.015843,0,5.9546
CID_00435,PID_473,1506,4 - Deprioritise,0.015565,0,6.0494
CID_00011,PID_176,1507,4 - Deprioritise,0.015528,0,5.8626
CID_01449,PID_224,1508,4 - Deprioritise,0.015493,0,5.9159
CID_00806,PID_123,1509,4 - Deprioritise,0.015474,0,5.9081
CID_01114,PID_228,1510,4 - Deprioritise,0.015372,0,5.9058
CID_01576,PID_460,1511,4 - Deprioritise,0.015293,0,5.8839
CID_01094,PID_466,1512,4 - Deprioritise,0.015279,0,5.9394
CID_00850,PID_116,1513,4 - Deprioritise,0.015195,0,5.7994
CID_01111,PID_194,1514,4 - Deprioritise,0.015154,0,5.9698
CID_01204,PID_494,1515,4 - Deprioritise,0.01493,0,6.037
CID_01625,PID_402,1516,4 - Deprioritise,0.014774,0,5.9383
CID_00000,PID_361,1517,4 - Deprioritise,0.014757,0,5.9908
CID_00431,PID_252,1518,4 - Deprioritise,0.014755,0,5.738
CID_00876,PID_110,1519,4 - Deprioritise,0.014675,0,5.7924
CID_01175,PID_376,1520,4 - Deprioritise,0.014383,0,5.94
CID_01028,PID_138,1521,4 - Deprioritise,0.014273,0,5.78
CID_00288,PID_288,1522,4 - Deprioritise,0.014271,0,5.9372
CID_00227,PID_479,1523,4 - Deprioritise,0.014116,0,5.9278
CID_00697,PID_465,1524,4 - Deprioritise,0.014052,0,5.7652
CID_01256,PID_490,1525,4 - Deprioritise,0.014036,0,6.0149
CID_01218,PID_121,1526,4 - Deprioritise,0.014035,0,5.7732
CID_00216,PID_483,1527,4 - Deprioritise,0.013853,0,5.9377
CID_01577,PID_224,1528,4 - Deprioritise,0.013756,0,5.8727
CID_01525,PID_395,1529,4 - Deprioritise,0.013601,0,5.8289
CID_00722,PID_483,1530,4 - Deprioritise,0.013485,0,5.8129
CID_01865,PID_150,1531,4 - Deprioritise,0.013456,0,5.732
CID_01583,PID_391,1532,4 - Deprioritise,0.013398,0,5.8643
CID_00628,PID_210,1533,4 - Deprioritise,0.013297,0,5.9053
CID_00960,PID_191,1534,4 - Deprioritise,0.013272,0,5.8874
CID_01186,PID_154,1535,4 - Deprioritise,0.013197,0,5.7039
CID_01617,PID_218,1536,4 - Deprioritise,0.013169,0,6.0145
CID_00718,PID_310,1537,4 - Deprioritise,0.013161,0,5.9117
CID_01529,PID_332,1538,4 - Deprioritise,0.012994,0,5.8893
CID_01782,PID_371,1539,4 - Deprioritise,0.012986,0,5.7624
CID_01220,PID_371,1540,4 - Deprioritise,0.012771,0,5.7454
CID_01271,PID_319,1541,4 - Deprioritise,0.012656,0,5.7353
CID_01274,PID_269,1542,4 - Deprioritise,0.012649,0,5.8392
CID_00901,PID_405,1543,4 - Deprioritise,0.012511,0,5.936
CID_01870,PID_243,1544,4 - Deprioritise,0.012443,0,5.6515
CID_00448,PID_126,1545,4 - Deprioritise,0.012352,0,5.7847
CID_01970,PID_318,1546,4 - Deprioritise,0.012259,0,5.8381
CID_00442,PID_416,1547,4 - Deprioritise,0.012213,0,5.6082
CID_01626,PID_371,1548,4 - Deprioritise,0.012203,0,5.8785
CID_00807,PID_296,1549,4 - Deprioritise,0.012119,0,5.8652
CID_00396,PID_398,1550,4 - Deprioritise,0.01203,0,5.7945
CID_00349,PID_106,1551,4 - Deprioritise,0.011964,0,5.7983
CID_01516,PID_245,1552,4 - Deprioritise,0.011944,0,5.7766
CID_00656,PID_487,1553,4 - Deprioritise,0.011943,0,5.8991
CID_01817,PID_199,1554,4 - Deprioritise,0.011758,0,5.8081
CID_01092,PID_472,1555,4 - Deprioritise,0.011711,0,5.893
CID_00221,PID_464,1556,4 - Deprioritise,0.011615,0,5.7923
CID_00804,PID_161,1557,4 - Deprioritise,0.011347,0,5.577
CID_00085,PID_300,1558,4 - Deprioritise,0.011176,0,5.6189
CID_01310,PID_212,1559,4 - Deprioritise,0.011145,0,5.7391
CID_01834,PID_361,1560,4 - Deprioritise,0.011123,0,5.8657
CID_01909,PID_474,1561,4 - Deprioritise,0.011109,0,5.9533
CID_00207,PID_339,1562,4 - Deprioritise,0.011005,0,5.835
CID_01176,PID_211,1563,4 - Deprioritise,0.010975,0,5.5518
CID_00219,PID_367,1564,4 - Deprioritise,0.010915,0,5.9981
CID_00007,PID_477,1565,4 - Deprioritise,0.010914,0,5.8471
CID_01001,PID_293,1566,4 - Deprioritise,0.01088,0,5.7872
CID_01182,PID_231,1567,4 - Deprioritise,0.010806,0,5.6268
CID_01205,PID_152,1568,4 - Deprioritise,0.010713,0,5.7171
CID_00882,PID_428,1569,4 - Deprioritise,0.010699,0,5.7205
CID_00174,PID_490,1570,4 - Deprioritise,0.010631,0,5.9099
CID_00873,PID_297,1571,4 - Deprioritise,0.010532,0,5.8076
CID_00167,PID_396,1572,4 - Deprioritise,0.010527,0,5.9628
CID_01317,PID_371,1573,4 - Deprioritise,0.010488,0,5.8391
CID_01100,PID_167,1574,4 - Deprioritise,0.010373,0,5.7296
CID_00107,PID_202,1575,4 - Deprioritise,0.010363,0,5.8822
CID_01280,PID_465,1576,4 - Deprioritise,0.010341,0,5.8854
CID_01225,PID_347,1577,4 - Deprioritise,0.010261,0,5.7451
CID_00360,PID_227,1578,4 - Deprioritise,0.01018,0,5.7509
CID_00505,PID_461,1579,4 - Deprioritise,0.010176,0,5.8724
CID_01883,PID_426,1580,4 - Deprioritise,0.010136,0,5.8462
CID_01910,PID_303,1581,4 - Deprioritise,0.010124,0,5.7136
CID_01010,PID_402,1582,4 - Deprioritise,0.010088,0,5.9997
CID_01328,PID_356,1583,4 - Deprioritise,0.010026,0,5.7339
CID_00643,PID_418,1584,4 - Deprioritise,0.01002,0,5.7848
CID_00483,PID_368,1585,4 - Deprioritise,0.010016,0,5.9949
CID_01711,PID_280,1586,4 - Deprioritise,0.009917,0,5.6928
CID_01437,PID_168,1587,4 - Deprioritise,0.009911,0,5.6533
CID_01447,PID_349,1588,4 - Deprioritise,0.009827,0,5.7213
CID_01507,PID_223,1589,4 - Deprioritise,0.009821,0,5.815
CID_01703,PID_427,1590,4 - Deprioritise,0.009813,0,5.8297
CID_01164,PID_397,1591,4 - Deprioritise,0.009732,0,5.7746
CID_00117,PID_147,1592,4 - Deprioritise,0.009694,0,5.677
CID_00246,PID_222,1593,4 - Deprioritise,0.009609,0,5.8242
CID_01268,PID_349,1594,4 - Deprioritise,0.009549,0,5.883
CID_00084,PID_412,1595,4 - Deprioritise,0.009546,0,5.8085
CID_00491,PID_108,1596,4 - Deprioritise,0.009544,0,5.7654
CID_00728,PID_230,1597,4 - Deprioritise,0.00954,0,5.7418
CID_00253,PID_131,1598,4 - Deprioritise,0.009503,0,5.8916
CID_00195,PID_349,1599,4 - Deprioritise,0.009478,0,5.8555
CID_00660,PID_141,1600,4 - Deprioritise,0.009475,0,5.671
CID_00538,PID_471,1601,4 - Deprioritise,0.009427,0,5.7032
CID_01031,PID_147,1602,4 - Deprioritise,0.009423,0,5.6552
CID_01559,PID_113,1603,4 - Deprioritise,0.009414,0,5.6275
CID_01012,PID_380,1604,4 - Deprioritise,0.009372,0,5.9302
CID_00843,PID_458,1605,4 - Deprioritise,0.009367,0,5.8041
CID_01137,PID_247,1606,4 - Deprioritise,0.009364,0,5.6995
CID_01616,PID_169,1607,4 - Deprioritise,0.009359,0,5.7813
CID_00040,PID_151,1608,4 - Deprioritise,0.009344,0,5.7246
CID_01379,PID_293,1609,4 - Deprioritise,0.009285,0,5.8349
CID_01385,PID_431,1610,4 - Deprioritise,0.009073,0,5.823
CID_01364,PID_297,1611,4 - Deprioritise,0.009036,0,5.7374
CID_01680,PID_167,1612,4 - Deprioritise,0.008989,0,5.7827
CID_00945,PID_390,1613,4 - Deprioritise,0.008854,0,5.6777
CID_00274,PID_377,1614,4 - Deprioritise,0.008819,0,5.7122
CID_01587,PID_346,1615,4 - Deprioritise,0.008791,0,5.8164
CID_00180,PID_149,1616,4 - Deprioritise,0.008788,0,5.6289
CID_01229,PID_399,1617,4 - Deprioritise,0.008694,0,5.8079
CID_01448,PID_201,1618,4 - Deprioritise,0.008677,0,5.7324
CID_01445,PID_115,1619,4 - Deprioritise,0.008666,0,5.6446
CID_00795,PID_334,1620,4 - Deprioritise,0.008648,0,5.7437
CID_01511,PID_175,1621,4 - Deprioritise,0.008578,0,5.7244
CID_00301,PID_337,1622,4 - Deprioritise,0.008567,0,5.7465
CID_01799,PID_494,1623,4 - Deprioritise,0.008538,0,5.8313
CID_00768,PID_203,1624,4 - Deprioritise,0.008492,0,5.699
CID_00317,PID_448,1625,4 - Deprioritise,0.008401,0,5.8732
CID_00847,PID_292,1626,4 - Deprioritise,0.00837,0,5.8519
CID_00591,PID_124,1627,4 - Deprioritise,0.008367,0,5.6751
CID_01022,PID_299,1628,4 - Deprioritise,0.008335,0,5.8098
CID_00719,PID_217,1629,4 - Deprioritise,0.008329,0,5.7311
CID_01005,PID_136,1630,4 - Deprioritise,0.008319,0,5.6085
CID_01665,PID_217,1631,4 - Deprioritise,0.008301,0,5.675
CID_00138,PID_167,1632,4 - Deprioritise,0.008283,0,5.6205
CID_00644,PID_188,1633,4 - Deprioritise,0.008271,0,5.7099
CID_01702,PID_140,1634,4 - Deprioritise,0.008267,0,5.6506
CID_00204,PID_178,1635,4 - Deprioritise,0.008227,0,5.5041
CID_01033,PID_406,1636,4 - Deprioritise,0.008199,0,5.706
CID_01903,PID_374,1637,4 - Deprioritise,0.00814,0,5.8138
CID_00237,PID_377,1638,4 - Deprioritise,0.008123,0,5.8012
CID_00453,PID_255,1639,4 - Deprioritise,0.008115,0,5.7119
CID_01949,PID_103,1640,4 - Deprioritise,0.008078,0,5.5981
CID_01892,PID_169,1641,4 - Deprioritise,0.008039,0,5.7283
CID_00758,PID_131,1642,4 - Deprioritise,0.007907,0,5.5835
CID_00343,PID_112,1643,4 - Deprioritise,0.00788,0,5.7349
CID_01983,PID_283,1644,4 - Deprioritise,0.00788,0,5.6233
CID_00834,PID_331,1645,4 - Deprioritise,0.007848,0,5.7123
CID_01942,PID_430,1646,4 - Deprioritise,0.007769,0,5.8314
CID_00051,PID_401,1647,4 - Deprioritise,0.007764,0,5.7423
CID_01488,PID_366,1648,4 - Deprioritise,0.007758,0,5.6631
CID_01038,PID_483,1649,4 - Deprioritise,0.007667,0,5.8045
CID_00166,PID_131,1650,4 - Deprioritise,0.007559,0,5.8039
CID_00514,PID_422,1651,4 - Deprioritise,0.007521,0,5.7021
CID_01802,PID_373,1652,4 - Deprioritise,0.007517,0,5.6433
CID_01955,PID_391,1653,4 - Deprioritise,0.0075,0,5.7216
CID_00155,PID_475,1654,4 - Deprioritise,0.007426,0,5.7729
CID_00852,PID_254,1655,4 - Deprioritise,0.007423,0,5.8158
CID_00961,PID_355,1656,4 - Deprioritise,0.007386,0,5.7915
CID_00783,PID_111,1657,4 - Deprioritise,0.007382,0,5.6137
CID_00065,PID_320,1658,4 - Deprioritise,0.007362,0,5.8675
CID_00747,PID_350,1659,4 - Deprioritise,0.007359,0,5.6767
CID_01596,PID_355,1660,4 - Deprioritise,0.007355,0,5.6843
CID_00560,PID_443,1661,4 - Deprioritise,0.007259,0,5.813
CID_00763,PID_242,1662,4 - Deprioritise,0.007247,0,5.741
CID_00456,PID_384,1663,4 - Deprioritise,0.007235,0,5.8054
CID_00533,PID_117,1664,4 - Deprioritise,0.007205,0,5.5501
CID_00645,PID_354,1665,4 - Deprioritise,0.007203,0,5.7075
CID_00108,PID_454,1666,4 - Deprioritise,0.00712,0,5.7565
CID_00029,PID_437,1667,4 - Deprioritise,0.007096,0,5.8235
CID_00319,PID_354,1668,4 - Deprioritise,0.007052,0,5.663
CID_00387,PID_326,1669,4 - Deprioritise,0.007038,0,5.6217
CID_00044,PID_254,1670,4 - Deprioritise,0.006947,0,5.6316
CID_01744,PID_168,1671,4 - Deprioritise,0.00687,0,5.5893
CID_01538,PID_121,1672,4 - Deprioritise,0.006826,0,5.601
CID_00625,PID_470,1673,4 - Deprioritise,0.006809,0,5.7641
CID_01226,PID_372,1674,4 - Deprioritise,0.006791,0,5.7675
CID_00611,PID_389,1675,4 - Deprioritise,0.006736,0,5.7041
CID_01653,PID_370,1676,4 - Deprioritise,0.006722,0,5.7398
CID_01954,PID_253,1677,4 - Deprioritise,0.006647,0,5.8662
CID_01914,PID_173,1678,4 - Deprioritise,0.006586,0,5.4183
CID_01739,PID_424,1679,4 - Deprioritise,0.006581,0,5.6815
CID_00476,PID_265,1680,4 - Deprioritise,0.006505,0,5.6915
CID_00013,PID_290,1681,4 - Deprioritise,0.006482,0,5.5376
CID_01826,PID_410,1682,4 - Deprioritise,0.006388,0,5.594
CID_01156,PID_452,1683,4 - Deprioritise,0.006362,0,5.6949
CID_01294,PID_256,1684,4 - Deprioritise,0.006355,0,5.665
CID_00466,PID_180,1685,4 - Deprioritise,0.006328,0,5.6318
CID_00779,PID_215,1686,4 - Deprioritise,0.006325,0,5.6423
CID_00326,PID_380,1687,4 - Deprioritise,0.0063,0,5.7192
CID_01672,PID_242,1688,4 - Deprioritise,0.006268,0,5.7613
CID_01301,PID_412,1689,4 - Deprioritise,0.006237,0,5.7038
CID_01951,PID_270,1690,4 - Deprioritise,0.006223,0,5.5516
CID_00786,PID_372,1691,4 - Deprioritise,0.006117,0,5.6147
CID_01840,PID_429,1692,4 - Deprioritise,0.006061,0,5.7658
CID_00959,PID_374,1693,4 - Deprioritise,0.006049,0,5.7329
CID_00283,PID_264,1694,4 - Deprioritise,0.005996,0,5.5461
CID_01642,PID_146,1695,4 - Deprioritise,0.00598,0,5.6645
CID_00023,PID_313,1696,4 - Deprioritise,0.005962,0,5.5383
CID_00733,PID_284,1697,4 - Deprioritise,0.005948,0,5.5016
CID_00113,PID_342,1698,4 - Deprioritise,0.005937,0,5.7266
CID_01058,PID_317,1699,4 - Deprioritise,0.005903,0,5.4479
CID_01172,PID_290,1700,4 - Deprioritise,0.005882,0,5.584
CID_01724,PID_225,1701,4 - Deprioritise,0.005866,0,5.6356
CID_00954,PID_444,1702,4 - Deprioritise,0.005859,0,5.732
CID_01206,PID_411,1703,4 - Deprioritise,0.005853,0,5.6884
CID_01783,PID_499,1704,4 - Deprioritise,0.005821,0,5.6623
CID_01856,PID_444,1705,4 - Deprioritise,0.005797,0,5.6101
CID_01303,PID_255,1706,4 - Deprioritise,0.005795,0,5.5803
CID_00664,PID_185,1707,4 - Deprioritise,0.005769,0,5.6058
CID_01055,PID_417,1708,4 - Deprioritise,0.005724,0,5.6732
CID_00997,PID_247,1709,4 - Deprioritise,0.005702,0,5.4967
CID_00782,PID_186,1710,4 - Deprioritise,0.00566,0,5.6823
CID_01939,PID_334,1711,4 - Deprioritise,0.005642,0,5.7281
CID_00540,PID_172,1712,4 - Deprioritise,0.0056,0,5.8541
CID_00575,PID_465,1713,4 - Deprioritise,0.0056,0,5.549
CID_00803,PID_124,1714,4 - Deprioritise,0.005545,0,5.6932
CID_00054,PID_226,1715,4 - Deprioritise,0.00554,0,5.5347
CID_01070,PID_347,1716,4 - Deprioritise,0.005468,0,5.6115
CID_01761,PID_330,1717,4 - Deprioritise,0.00546,0,5.5665
CID_01543,PID_371,1718,4 - Deprioritise,0.005438,0,5.6369
CID_00534,PID_316,1719,4 - Deprioritise,0.005427,0,5.6712
CID_01459,PID_271,1720,4 - Deprioritise,0.005388,0,5.5594
CID_00504,PID_369,1721,4 - Deprioritise,0.005387,0,5.6317
CID_00519,PID_174,1722,4 - Deprioritise,0.005378,0,5.6113
CID_01262,PID_261,1723,4 - Deprioritise,0.005329,0,5.5026
CID_01736,PID_107,1724,4 - Deprioritise,0.005328,0,5.5402
CID_01579,PID_441,1725,4 - Deprioritise,0.005305,0,5.6339
CID_00102,PID_362,1726,4 - Deprioritise,0.005293,0,5.602
CID_00210,PID_356,1727,4 - Deprioritise,0.005209,0,5.5397
CID_00419,PID_427,1728,4 - Deprioritise,0.005194,0,5.6161
CID_00650,PID_120,1729,4 - Deprioritise,0.005191,0,5.6265
CID_01907,PID_142,1730,4 - Deprioritise,0.005173,0,5.436
CID_01083,PID_488,1731,4 - Deprioritise,0.005156,0,5.7049
CID_01814,PID_121,1732,4 - Deprioritise,0.005136,0,5.4014
CID_01113,PID_383,1733,4 - Deprioritise,0.005125,0,5.7168
CID_01321,PID_182,1734,4 - Deprioritise,0.005059,0,5.4043
CID_00886,PID_405,1735,4 - Deprioritise,0.005057,0,5.6522
CID_00106,PID_166,1736,4 - Deprioritise,0.004971,0,5.6353
CID_01438,PID_337,1737,4 - Deprioritise,0.004944,0,5.7948
CID_00160,PID_413,1738,4 - Deprioritise,0.004895,0,5.5846
CID_01050,PID_189,1739,4 - Deprioritise,0.004863,0,5.4789
CID_01858,PID_336,1740,4 - Deprioritise,0.00483,0,5.6962
CID_00642,PID_416,1741,4 - Deprioritise,0.004802,0,5.6699
CID_01824,PID_388,1742,4 - Deprioritise,0.0048,0,5.662
CID_00469,PID_129,1743,4 - Deprioritise,0.004788,0,5.4659
CID_00380,PID_364,1744,4 - Deprioritise,0.004775,0,5.5128
CID_01548,PID_412,1745,4 - Deprioritise,0.004769,0,5.6494
CID_01628,PID_179,1746,4 - Deprioritise,0.004742,0,5.4444
CID_01371,PID_163,1747,4 - Deprioritise,0.004707,0,5.6384
CID_00203,PID_314,1748,4 - Deprioritise,0.004688,0,5.5648
CID_00845,PID_351,1749,4 - Deprioritise,0.004589,0,5.5534
CID_00787,PID_468,1750,4 - Deprioritise,0.004572,0,5.6103
CID_01418,PID_430,1751,4 - Deprioritise,0.004497,0,5.5781
CID_01838,PID_466,1752,4 - Deprioritise,0.004438,0,5.6782
CID_01606,PID_210,1753,4 - Deprioritise,0.004351,0,5.6534
CID_00139,PID_116,1754,4 - Deprioritise,0.004321,0,5.3701
CID_00663,PID_456,1755,4 - Deprioritise,0.0043,0,5.5586
CID_01505,PID_110,1756,4 - Deprioritise,0.004266,0,5.4136
CID_00972,PID_270,1757,4 - Deprioritise,0.004202,0,5.611
CID_00875,PID_483,1758,4 - Deprioritise,0.004164,0,5.6944
CID_01360,PID_375,1759,4 - Deprioritise,0.004127,0,5.5959
CID_00019,PID_478,1760,4 - Deprioritise,0.004099,0,5.5525
CID_01475,PID_417,1761,4 - Deprioritise,0.00409,0,5.4888
CID_00754,PID_406,1762,4 - Deprioritise,0.004058,0,5.6287
CID_01211,PID_191,1763,4 - Deprioritise,0.00397,0,5.4559
CID_00082,PID_331,1764,4 - Deprioritise,0.003963,0,5.4989
CID_00736,PID_119,1765,4 - Deprioritise,0.003947,0,5.7102
CID_00243,PID_159,1766,4 - Deprioritise,0.003929,0,5.3805
CID_01833,PID_237,1767,4 - Deprioritise,0.00391,0,5.5056
CID_01812,PID_140,1768,4 - Deprioritise,0.003793,0,5.6084
CID_01419,PID_275,1769,4 - Deprioritise,0.003729,0,5.5252
CID_00571,PID_211,1770,4 - Deprioritise,0.003726,0,5.4403
CID_01013,PID_376,1771,4 - Deprioritise,0.003709,0,5.4572
CID_00391,PID_315,1772,4 - Deprioritise,0.003705,0,5.6042
CID_01234,PID_459,1773,4 - Deprioritise,0.003676,0,5.5216
CID_01810,PID_496,1774,4 - Deprioritise,0.003674,0,5.5838
CID_00010,PID_327,1775,4 - Deprioritise,0.003668,0,5.4534
CID_01645,PID_459,1776,4 - Deprioritise,0.003628,0,5.6592
CID_00361,PID_174,1777,4 - Deprioritise,0.003602,0,5.5499
CID_00254,PID_273,1778,4 - Deprioritise,0.003574,0,5.4319
CID_00079,PID_331,1779,4 - Deprioritise,0.003571,0,5.4827
CID_00463,PID_299,1780,4 - Deprioritise,0.003546,0,5.4388
CID_00002,PID_168,1781,4 - Deprioritise,0.003545,0,5.5772
CID_01473,PID_265,1782,4 - Deprioritise,0.003538,0,5.5446
CID_00603,PID_187,1783,4 - Deprioritise,0.003536,0,5.5102
CID_01509,PID_285,1784,4 - Deprioritise,0.003509,0,5.4621
CID_00841,PID_129,1785,4 - Deprioritise,0.003507,0,5.1417
CID_01551,PID_176,1786,4 - Deprioritise,0.003498,0,5.3683
CID_01585,PID_418,1787,4 - Deprioritise,0.003493,0,5.5477
CID_00546,PID_403,1788,4 - Deprioritise,0.003478,0,5.4585
CID_00395,PID_405,1789,4 - Deprioritise,0.003415,0,5.4781
CID_00377,PID_237,1790,4 - Deprioritise,0.003407,0,5.4751
CID_00193,PID_299,1791,4 - Deprioritise,0.003374,0,5.4004
CID_01979,PID_455,1792,4 - Deprioritise,0.003374,0,5.4279
CID_00362,PID_315,1793,4 - Deprioritise,0.003326,0,5.4374
CID_00541,PID_369,1794,4 - Deprioritise,0.003294,0,5.442
CID_00104,PID_438,1795,4 - Deprioritise,0.003275,0,5.5706
CID_00409,PID_189,1796,4 - Deprioritise,0.003234,0,5.4726
CID_00677,PID_254,1797,4 - Deprioritise,0.00322,0,5.4417
CID_00907,PID_337,1798,4 - Deprioritise,0.003209,0,5.472
CID_00473,PID_245,1799,4 - Deprioritise,0.00316,0,5.3781
CID_01468,PID_471,1800,4 - Deprioritise,0.003072,0,5.5458
CID_01853,PID_293,1801,4 - Deprioritise,0.003055,0,5.4817
CID_01484,PID_357,1802,4 - Deprioritise,0.00304,0,5.5923
CID_01878,PID_424,1803,4 - Deprioritise,0.003027,0,5.3442
CID_01298,PID_171,1804,4 - Deprioritise,0.003008,0,5.3436
CID_01451,PID_309,1805,4 - Deprioritise,0.003006,0,5.5066
CID_01574,PID_443,1806,4 - Deprioritise,0.002945,0,5.384
CID_00277,PID_273,1807,4 - Deprioritise,0.00291,0,5.4534
CID_00811,PID_334,1808,4 - Deprioritise,0.002888,0,5.3878
CID_00154,PID_235,1809,4 - Deprioritise,0.002865,0,5.4407
CID_01194,PID_316,1810,4 - Deprioritise,0.002855,0,5.3035
CID_01395,PID_457,1811,4 - Deprioritise,0.00285,0,5.4496
CID_00353,PID_154,1812,4 - Deprioritise,0.002845,0,5.3656
CID_01465,PID_376,1813,4 - Deprioritise,0.002841,0,5.4787
CID_00412,PID_440,1814,4 - Deprioritise,0.002791,0,5.4519
CID_00093,PID_180,1815,4 - Deprioritise,0.002761,0,5.4311
CID_01174,PID_359,1816,4 - Deprioritise,0.00274,0,5.5087
CID_00509,PID_280,1817,4 - Deprioritise,0.002703,0,5.4027
CID_00508,PID_151,1818,4 - Deprioritise,0.002688,0,5.389
CID_00339,PID_196,1819,4 - Deprioritise,0.002668,0,5.3911
CID_01801,PID_399,1820,4 - Deprioritise,0.0026,0,5.3875
CID_01335,PID_487,1821,4 - Deprioritise,0.002597,0,5.6001
CID_00831,PID_464,1822,4 - Deprioritise,0.002566,0,5.5153
CID_01843,PID_434,1823,4 - Deprioritise,0.002564,0,5.5142
CID_00667,PID_396,1824,4 - Deprioritise,0.002543,0,5.5119
CID_01489,PID_211,1825,4 - Deprioritise,0.002519,0,5.2901
CID_01342,PID_244,1826,4 - Deprioritise,0.002486,0,5.5754
CID_00478,PID_152,1827,4 - Deprioritise,0.002467,0,5.5167
CID_01361,PID_221,1828,4 - Deprioritise,0.002459,0,5.2234
CID_00275,PID_464,1829,4 - Deprioritise,0.002439,0,5.599
CID_00690,PID_485,1830,4 - Deprioritise,0.002434,0,5.4427
CID_00665,PID_302,1831,4 - Deprioritise,0.002427,0,5.4344
CID_00773,PID_213,1832,4 - Deprioritise,0.002427,0,5.2736
CID_00988,PID_221,1833,4 - Deprioritise,0.002417,0,5.361
CID_01363,PID_236,1834,4 - Deprioritise,0.002393,0,5.3747
CID_00904,PID_286,1835,4 - Deprioritise,0.002391,0,5.4
CID_01777,PID_243,1836,4 - Deprioritise,0.002363,0,5.3119
CID_00392,PID_268,1837,4 - Deprioritise,0.002312,0,5.2677
CID_01295,PID_293,1838,4 - Deprioritise,0.002301,0,5.4043
CID_00713,PID_116,1839,4 - Deprioritise,0.002294,0,5.3889
CID_01728,PID_358,1840,4 - Deprioritise,0.002291,0,5.4967
CID_00938,PID_185,1841,4 - Deprioritise,0.002286,0,5.2677
CID_01313,PID_209,1842,4 - Deprioritise,0.002262,0,5.4226
CID_00529,PID_132,1843,4 - Deprioritise,0.002241,0,5.4882
CID_01377,PID_272,1844,4 - Deprioritise,0.00224,0,5.4066
CID_01106,PID_328,1845,4 - Deprioritise,0.00224,0,5.3649
CID_01994,PID_355,1846,4 - Deprioritise,0.002193,0,4.7619
CID_00494,PID_496,1847,4 - Deprioritise,0.002158,0,5.4875
CID_00823,PID_331,1848,4 - Deprioritise,0.002128,0,5.3653
CID_00299,PID_371,1849,4 - Deprioritise,0.002075,0,5.2533
CID_00252,PID_265,1850,4 - Deprioritise,0.002074,0,5.4323
CID_01600,PID_460,1851,4 - Deprioritise,0.002074,0,5.4806
CID_00830,PID_101,1852,4 - Deprioritise,0.002072,0,5.1404
CID_01016,PID_164,1853,4 - Deprioritise,0.002021,0,5.2702
CID_01608,PID_367,1854,4 - Deprioritise,0.002019,0,5.438
CID_00550,PID_207,1855,4 - Deprioritise,0.002003,0,5.4271
CID_01989,PID_315,1856,4 - Deprioritise,0.001967,0,5.4189
CID_01232,PID_335,1857,4 - Deprioritise,0.001961,0,5.3703
CID_00949,PID_233,1858,4 - Deprioritise,0.001917,0,5.278
CID_01247,PID_475,1859,4 - Deprioritise,0.001911,0,5.4549
CID_00146,PID_461,1860,4 - Deprioritise,0.001898,0,5.274
CID_00862,PID_307,1861,4 - Deprioritise,0.00189,0,5.4167
CID_01873,PID_140,1862,4 - Deprioritise,0.001861,0,5.2208
CID_01937,PID_278,1863,4 - Deprioritise,0.001858,0,5.4042
CID_01710,PID_140,1864,4 - Deprioritise,0.001845,0,5.2734
CID_00867,PID_287,1865,4 - Deprioritise,0.001838,0,5.4197
CID_01928,PID_328,1866,4 - Deprioritise,0.001797,0,5.3589
CID_01749,PID_387,1867,4 - Deprioritise,0.001795,0,5.3279
CID_00332,PID_226,1868,4 - Deprioritise,0.001791,0,5.1247
CID_00406,PID_368,1869,4 - Deprioritise,0.001786,0,5.4566
CID_01800,PID_375,1870,4 - Deprioritise,0.001762,0,5.3975
CID_00586,PID_354,1871,4 - Deprioritise,0.001747,0,5.3455
CID_01007,PID_314,1872,4 - Deprioritise,0.001731,0,5.2405
CID_01620,PID_100,1873,4 - Deprioritise,0.001718,0,5.2951
CID_01216,PID_486,1874,4 - Deprioritise,0.001698,0,5.2456
CID_01533,PID_356,1875,4 - Deprioritise,0.001679,0,5.445
CID_00126,PID_493,1876,4 - Deprioritise,0.001677,0,5.3119
CID_01374,PID_402,1877,4 - Deprioritise,0.001635,0,5.2768
CID_01242,PID_281,1878,4 - Deprioritise,0.001623,0,5.2159
CID_00600,PID_457,1879,4 - Deprioritise,0.001616,0,5.109
CID_00616,PID_471,1880,4 - Deprioritise,0.001581,0,5.4495
CID_01849,PID_119,1881,4 - Deprioritise,0.001558,0,5.2052
CID_01197,PID_131,1882,4 - Deprioritise,0.001553,0,5.0352
CID_00266,PID_125,1883,4 - Deprioritise,0.001553,0,5.2197
CID_00247,PID_389,1884,4 - Deprioritise,0.001552,0,5.3048
CID_00190,PID_158,1885,4 - Deprioritise,0.001523,0,5.2925
CID_01132,PID_401,1886,4 - Deprioritise,0.001485,0,5.2839
CID_00390,PID_183,1887,4 - Deprioritise,0.00148,0,5.2338
CID_01322,PID_175,1888,4 - Deprioritise,0.001465,0,5.1381
CID_01155,PID_355,1889,4 - Deprioritise,0.001448,0,5.1447
CID_01990,PID_244,1890,4 - Deprioritise,0.001421,0,5.2004
CID_01776,PID_141,1891,4 - Deprioritise,0.001394,0,5.0582
CID_00424,PID_194,1892,4 - Deprioritise,0.001392,0,5.1466
CID_00039,PID_363,1893,4 - Deprioritise,0.001391,0,5.2714
CID_00484,PID_298,1894,4 - Deprioritise,0.001297,0,5.3223
CID_01882,PID_193,1895,4 - Deprioritise,0.001256,0,5.0352
CID_00647,PID_360,1896,4 - Deprioritise,0.001252,0,5.3964
CID_00968,PID_494,1897,4 - Deprioritise,0.001241,0,5.2241
CID_00687,PID_378,1898,4 - Deprioritise,0.001218,0,5.184
CID_00186,PID_323,1899,4 - Deprioritise,0.001208,0,5.2525
CID_01284,PID_397,1900,4 - Deprioritise,0.001208,0,5.1571
CID_01593,PID_434,1901,4 - Deprioritise,0.001171,0,5.3716
CID_00149,PID_118,1902,4 - Deprioritise,0.001139,0,5.1685
CID_01336,PID_307,1903,4 - Deprioritise,0.001139,0,5.1308
CID_01331,PID_288,1904,4 - Deprioritise,0.001123,0,4.9901
CID_01723,PID_317,1905,4 - Deprioritise,0.001103,0,5.0026
CID_00368,PID_443,1906,4 - Deprioritise,0.001076,0,5.2997
CID_01090,PID_179,1907,4 - Deprioritise,0.00103,0,5.0438
CID_00098,PID_149,1908,4 - Deprioritise,0.001024,0,5.0219
CID_01819,PID_494,1909,4 - Deprioritise,0.00098,0,5.3763
CID_01051,PID_495,1910,4 - Deprioritise,0.00097,0,5.3888
CID_01967,PID_436,1911,4 - Deprioritise,0.000964,0,4.9808
CID_01064,PID_171,1912,4 - Deprioritise,0.000956,0,5.1416
CID_00984,PID_342,1913,4 - Deprioritise,0.000952,0,5.0939
CID_01237,PID_190,1914,4 - Deprioritise,0.000923,0,5.1829
CID_01923,PID_160,1915,4 - Deprioritise,0.000917,0,5.1031
CID_00797,PID_416,1916,4 - Deprioritise,0.000899,0,5.1015
CID_01165,PID_101,1917,4 - Deprioritise,0.000898,0,5.0674
CID_01195,PID_344,1918,4 - Deprioritise,0.000895,0,5.1076
CID_01000,PID_238,1919,4 - Deprioritise,0.000887,0,4.9835
CID_01513,PID_293,1920,4 - Deprioritise,0.000887,0,5.019
CID_01722,PID_299,1921,4 - Deprioritise,0.000844,0,5.1249
CID_01774,PID_119,1922,4 - Deprioritise,0.000838,0,5.014
CID_00675,PID_419,1923,4 - Deprioritise,0.00081,0,5.0004
CID_00228,PID_433,1924,4 - Deprioritise,0.000788,0,4.922
CID_01126,PID_491,1925,4 - Deprioritise,0.000773,0,5.12
CID_01024,PID_163,1926,4 - Deprioritise,0.000767,0,5.0936
CID_00280,PID_312,1927,4 - Deprioritise,0.000755,0,4.9875
CID_00551,PID_131,1928,4 - Deprioritise,0.000741,0,5.0235
CID_00358,PID_363,1929,4 - Deprioritise,0.000726,0,5.1437
CID_00970,PID_120,1930,4 - Deprioritise,0.000688,0,5.1773
CID_00489,PID_392,1931,4 - Deprioritise,0.000678,0,5.0429
CID_01424,PID_462,1932,4 - Deprioritise,0.000671,0,5.0338
CID_01992,PID_348,1933,4 - Deprioritise,0.000669,0,4.8882
CID_00872,PID_267,1934,4 - Deprioritise,0.000663,0,4.7822
CID_01815,PID_237,1935,4 - Deprioritise,0.000661,0,4.7976
CID_01249,PID_143,1936,4 - Deprioritise,0.000651,0,5.025
CID_01807,PID_189,1937,4 - Deprioritise,0.000645,0,4.2385
CID_00176,PID_462,1938,4 - Deprioritise,0.000619,0,5.1802
CID_01109,PID_415,1939,4 - Deprioritise,0.00061,0,4.968
CID_00439,PID_459,1940,4 - Deprioritise,0.000584,0,5.0465
CID_01528,PID_278,1941,4 - Deprioritise,0.000583,0,4.9249
CID_00004,PID_224,1942,4 - Deprioritise,0.000577,0,5.0
CID_01554,PID_227,1943,4 - Deprioritise,0.000561,0,4.9945
CID_00017,PID_339,1944,4 - Deprioritise,0.000516,0,4.9541
CID_01562,PID_249,1945,4 - Deprioritise,0.000515,0,4.6417
CID_01082,PID_479,1946,4 - Deprioritise,0.000457,0,5.0095
CID_01362,PID_336,1947,4 - Deprioritise,0.000455,0,4.9728
CID_01657,PID_264,1948,4 - Deprioritise,0.000453,0,4.7459
CID_00819,PID_146,1949,4 - Deprioritise,0.000449,0,4.8632
CID_01622,PID_401,1950,4 - Deprioritise,0.000448,0,4.8127
CID_01996,PID_100,1951,4 - Deprioritise,0.000446,0,4.8043
CID_01732,PID_470,1952,4 - Deprioritise,0.000438,0,4.9645
CID_00232,PID_170,1953,4 - Deprioritise,0.000422,0,4.9192
CID_00891,PID_196,1954,4 - Deprioritise,0.000414,0,4.9178
CID_00896,PID_161,1955,4 - Deprioritise,0.000411,0,4.9101
CID_00805,PID_183,1956,4 - Deprioritise,0.000408,0,4.9497
CID_01778,PID_341,1957,4 - Deprioritise,0.000408,0,4.8199
CID_01713,PID_109,1958,4 - Deprioritise,0.000406,0,4.792
CID_01985,PID_427,1959,4 - Deprioritise,0.000402,0,4.9587
CID_00607,PID_497,1960,4 - Deprioritise,0.000401,0,4.7488
CID_01141,PID_340,1961,4 - Deprioritise,0.0004,0,4.9563
CID_01045,PID_197,1962,4 - Deprioritise,0.000397,0,4.824
CID_01390,PID_139,1963,4 - Deprioritise,0.000392,0,5.121
CID_00595,PID_162,1964,4 - Deprioritise,0.000385,0,4.5605
CID_01231,PID_396,1965,4 - Deprioritise,0.000384,0,4.8803
CID_01893,PID_266,1966,4 - Deprioritise,0.000384,0,4.8543
CID_01477,PID_351,1967,4 - Deprioritise,0.000381,0,4.9569
CID_00344,PID_257,1968,4 - Deprioritise,0.000378,0,4.7682
CID_01357,PID_114,1969,4 - Deprioritise,0.00037,0,4.6976
CID_01088,PID_389,1970,4 - Deprioritise,0.000359,0,4.8703
CID_01755,PID_126,1971,4 - Deprioritise,0.000341,0,4.651
CID_00881,PID_289,1972,4 - Deprioritise,0.00034,0,4.7364
CID_01282,PID_466,1973,4 - Deprioritise,0.000338,0,4.7668
CID_01886,PID_358,1974,4 - Deprioritise,0.000307,0,4.7965
CID_00184,PID_480,1975,4 - Deprioritise,0.000257,0,4.8134
CID_00517,PID_202,1976,4 - Deprioritise,0.000255,0,4.4679
CID_00066,PID_285,1977,4 - Deprioritise,0.000254,0,4.6581
CID_00880,PID_319,1978,4 - Deprioritise,0.000247,0,4.8317
CID_00367,PID_372,1979,4 - Deprioritise,0.000236,0,4.7991
CID_00715,PID_450,1980,4 - Deprioritise,0.000223,0,4.6898
CID_00083,PID_170,1981,4 - Deprioritise,0.000204,0,4.5319
CID_00556,PID_168,1982,4 - Deprioritise,0.000195,0,4.1007
CID_01729,PID_351,1983,4 - Deprioritise,0.000192,0,4.7033
CID_01405,PID_324,1984,4 - Deprioritise,0.00019,0,4.1633
CID_01943,PID_128,1985,4 - Deprioritise,0.000159,0,4.4054
CID_01521,PID_343,1986,4 - Deprioritise,0.000152,0,4.5045
CID_01481,PID_149,1987,4 - Deprioritise,0.000139,0,4.4048
CID_00744,PID_479,1988,4 - Deprioritise,0.000123,0,4.5955
CID_01519,PID_453,1989,4 - Deprioritise,0.000122,0,4.6583
CID_00884,PID_395,1990,4 - Deprioritise,0.000121,0,4.5247
CID_01746,PID_426,1991,4 - Deprioritise,0.000111,0,4.5357
CID_00258,PID_419,1992,4 - Deprioritise,0.00011,0,4.5409
CID_01291,PID_496,1993,4 - Deprioritise,0.000101,0,4.4841
CID_00118,PID_331,1994,4 - Deprioritise,9.8e-05,0,4.4008
CID_01030,PID_238,1995,4 - Deprioritise,9.2e-05,0,4.2892
CID_01454,PID_113,1996,4 - Deprioritise,7.5e-05,0,4.1447
CID_01152,PID_443,1997,4 - Deprioritise,4.2e-05,0,4.1642
CID_00024,PID_356,1998,4 - Deprioritise,3.7e-05,0,4.0715
CID_01017,PID_416,1999,4 - Deprioritise,3.7e-05,0,4.1438
CID_00947,PID_139,2000,4 - Deprioritise,2.2e-05,0,3.9534
